pseudo_id,type,reason,expiration_date
47fc1952c5f2a7403681a61bba50f6e3,Produkt,Anden avis/produkt,2025-12-04
2c32c80e711319c80b09ba09c6809d26,Andet,Ingen årsag – ingen tlf kontakt,2025-05-08
7c4436fb02b5ec2e2f2926846b4f1df7,Tid,Ikke tid,2025-05-09
25567a00c727a5f238f2147e7806428f,Produkt,Redaktionelt indhold / holdning,2025-05-08
1db6ca5e773d6284f2ae5553a7425e46,Produkt,Redaktionelt indhold / holdning,2025-12-09
1dd10be27abc5ad145852d8b3ac41bc5,Andet,kunden ønsker ikke at oplyse,2025-06-08
01f92382940313bede15a74a51bc1ecb,Produkt,Redaktionelt indhold / holdning,2025-05-20
f52035d04affa1321c66d4076947afcb,Produkt,Redaktionelt indhold / holdning,2025-08-03
daa026f87a34f553164a8b7d87d095e9,Tid,Ikke tid,2025-07-20
41241b233e501a67f213f3ef32ec13e3,Andet,kunden ønsker ikke at oplyse,2025-05-02
c62e2aca7afc1e9c73872a62e30e7848,Digitalt,Oprettet med forkert e-mail,2025-08-12
59f0a3e11217529a01c1eefef93e8a98,Produkt,Redaktionelt indhold / holdning,2025-05-20
6fc98d7428258b1f7e2cbfcf32151197,Produkt,Redaktionelt indhold / holdning,2025-05-08
8b7f6aa45ee2f16c5020b05f5ef44a95,Tid,Ikke tid,2025-05-10
62891d0bcc22360e6d25694b45cd0920,Tid,Ikke tid,2025-05-14
513a1875871ce9ee20375595a2ff9231,Andet,Ingen årsag – ingen tlf kontakt,2025-05-16
003a92354fb88e0e3e411bc290291b6a,Andet,kunden ønsker ikke at oplyse,2025-06-04
bbb3918da131e3f8c9ab270a2224ef1b,Tid,Ikke tid,2025-05-18
70b4d870d09b91a6d0b8b07af47a65c5,Produkt,Redaktionelt indhold / holdning,2025-05-14
e7bc7f5186893dc1471ef45413025209,Andet,Ingen årsag – ingen tlf kontakt,2025-12-14
203fd81682e38a68c4f3fe5cec48bd4a,Tid,Ikke tid,2026-02-18
dfbfebca04d0444f52ab783f051fcca9,Produkt,Redaktionelt indhold / holdning,2025-06-03
c5211e8f7bb8fd20ed1c5643c278b1d5,Andet,kunden ønsker ikke at oplyse,2025-07-21
6e0aa1e08827251ef1efacbc4b157402,Økonomi,Pris,2025-11-14
93e230b871260afcd9027dfe1742fd01,Økonomi,Pris,2025-11-04
996dc85b06c948a2c541b04413a9dfb4,Tid,Ikke tid,2025-05-02
cb06350478e8e8b0fda136751593b4ea,Økonomi,Pris,2025-12-04
f4a021012e0379b342bd520316e25b69,Tid,Ikke tid,2025-05-20
0e2c28fe864fd90012aede0054822295,Tid,Ikke tid,2025-05-26
d374ac8a05dd70988c87e7734fff9854,Andet,kunden ønsker ikke at oplyse,2025-05-19
c2e33d069a7f2e3c6240025cfefe99aa,Andet,kunden ønsker ikke at oplyse,2025-05-09
1c19b47d6d52112543b30ae5cb9e6153,Produkt,Redaktionelt indhold / holdning,2025-05-20
223c8361a0a978b0e4d312112990dba8,Andet,RVS,2025-06-14
3e7f5b8de782a6936c4b6f5ad96432de,Andet,Administrativt,2025-05-06
6018d711be0ab2c0b733e52453da95a3,Andet,Ingen årsag – ingen tlf kontakt,2025-07-14
11358b0c3d185f3ea7fdae8c43348eff,Økonomi,Pris,2025-06-03
a2dd7c714c31465cdaf26be48eae1587,Andet,Ingen årsag – ingen tlf kontakt,2025-05-04
303860c1806cd8777515040378492fd6,Produkt,Redaktionelt indhold / holdning,2025-05-13
e5a9bf5971c8c820f1bbace57420b0d6,Andet,kunden ønsker ikke at oplyse,2025-05-05
d4a474d23bf644364f87a33c55b0e0c1,Andet,kunden ønsker ikke at oplyse,2025-05-16
bdd01e087db83c6919655477c3a9d8e6,Andet,kunden ønsker ikke at oplyse,2025-05-21
4ea127252a03310c4fa0e4bd18b2cf9b,Produkt,Anden avis/produkt,2025-06-22
04636e2dfe9fba50ab9943a5a44bdf11,Andet,kunden ønsker ikke at oplyse,2025-12-20
8e19042933cfe2a4899f617526666507,Andet,kunden ønsker ikke at oplyse,2025-05-04
6fb1e9004f8d35f50e52770323e9a26b,Tid,Ikke tid,2025-05-16
5f3f0dee1e07a275c13edeab81b5dc24,Økonomi,Pris,2026-08-06
faa5fa17d662699ba69d3b79387dec5e,Andet,Ingen årsag – ingen tlf kontakt,2025-05-21
26a8b7f9adc53ba2b3ee6c4ab26213d7,Tid,Ikke tid,2025-06-20
1230fd711f4acd99dfd4d06a8f0d8ece,Tid,Ikke tid,2025-07-09
04a08cd300c7b1c80803fac3de32df92,Andet,Ingen årsag – ingen tlf kontakt,2025-06-11
abeb1d79971bcb963d77fc429fdc130d,Tid,Ikke tid,2025-08-20
45334961f410050e6723765f1b7eae29,Tid,Ikke tid,2025-06-04
3926332ead4babb99d80e51a8649ed02,Andet,kunden ønsker ikke at oplyse,2025-07-10
b614f17cb152704959cdf42349d6a4cb,Andet,Ingen årsag – ingen tlf kontakt,2025-05-04
077ad124aef49eab3dc083a6fb080799,Andet,RVS,2025-07-19
798f1ad26b892da22923188a9e8e4797,Tid,Ikke tid,2025-11-04
48ad2a72e663d97240e3537688764632,Tid,Ikke tid,2025-05-20
dbc43769b3fb6804d1b1992e6491bf3d,Økonomi,Pris,2026-11-15
95278ba8adc6b0fdd3f509baf2f967e4,Produkt,Anden avis/produkt,2025-05-20
53f42387042ed9cb158618747d74dea6,Produkt,Redaktionelt indhold / holdning,2025-05-09
d58d431c768aa802457db2134c04e7fa,Andet,Ingen årsag – ingen tlf kontakt,2026-01-03
c1759212b2bbec62900012de41386782,Økonomi,Pris,2025-05-16
555edd907cc4194ff6ac3441ebd3dbbe,Produkt,Redaktionelt indhold / holdning,2025-05-17
61578793cf57b4e94b2a2bc108ad67f3,Tid,Ikke tid,2025-12-13
086325f12bc218ac0373548697877ce3,Produkt,Redaktionelt indhold / holdning,2025-05-19
296ebed7fd47d502188ba062c21e58ac,Andet,kunden ønsker ikke at oplyse,2025-06-13
042313fde35eb5e19b2106bf175cd5e9,Økonomi,Pris,2026-02-14
51c2d08fe703a913e16ff2fa55176d2a,Økonomi,Pris,2026-03-04
0181daedf475221291df382a21589255,Økonomi,Pris,2025-12-09
6bea216a1e3d25a48f391aff36d22901,Økonomi,Pris,2025-05-09
4262ff5f39aee5987c964b9d43dd7ddf,Andet,RVS,2025-06-07
dd70d17ba6653dad85b4c6d304785ebb,Produkt,Redaktionelt indhold / holdning,2025-05-15
66f57e32e0c74a2c96496546c59b27d6,Andet,Ingen årsag – ingen tlf kontakt,2025-05-21
564ef54581efe26367b066edef38e432,Andet,Ingen årsag – ingen tlf kontakt,2025-06-09
c06405b974fa01559f3fc5f787babcd9,Andet,Ingen årsag – ingen tlf kontakt,2025-05-22
e4ef9939aade2fbcfc42abe59387806f,Produkt,Redaktionelt indhold / holdning,2025-06-08
0f624e1da2a58718e4a3ab95c6c6add2,Andet,RVS,2025-06-16
cf9bb6c697c20d5eb0942feb43cd07b3,Tid,Ikke tid,2025-06-20
7372bb3754849f8850ba4fdc28946eea,Produkt,Digital platform,2025-06-17
245f21fbcfbc2c99dbf41818ef3774fc,Tid,Ikke tid,2025-05-08
0f7356c2012978b27f40bf90da63b25c,Tid,Ikke tid,2025-05-12
ff81f902de50b4df3d8f54c395bbdea4,Tid,Ikke tid,2025-05-19
b40b77f1118e3d44b8c5f5fe5f434cf9,Tid,Ikke tid,2025-05-04
0c67f17cceae3e2cec14347f059d0a00,Tid,Ikke tid,2025-05-18
6ca57084366df9159aab1cda13a41114,Økonomi,Pris,2025-07-10
efe89095184e910f2b51824e8c4439c4,Andet,kunden ønsker ikke at oplyse,2025-05-02
64f71bebfa046a629b48594e23e6df3a,Andet,kunden ønsker ikke at oplyse,2025-12-06
d0a723ae18afcbcc10a871182eef6575,Økonomi,Pris,2025-05-22
7a70cfa85256557dbf368c6287d20378,Andet,kunden ønsker ikke at oplyse,2025-05-20
7edeb8ee21028717df5a792e83205006,Digitalt,Tekniske problemer (kunde),2025-12-22
e847ea728b05af68539b431924d9d824,Tid,Ikke tid,2025-09-20
b12854af8cf6a231204268ca2875d75b,Tid,Ikke tid,2025-05-07
e858f5449697bc5909c5ed72bee136f2,Andet,RVS,2025-07-13
cde126123f199937279bcad3d9e01720,Andet,Ingen årsag – ingen tlf kontakt,2025-07-04
7f9c334a7773fd1aad4a9549571eb396,Tid,Ikke tid,2025-05-21
12dc9427032920bd3b9add2d59f92105,Andet,kunden ønsker ikke at oplyse,2025-05-03
e40d8324bf7473ffb9377b7885c5e1fb,Tid,Ikke tid,2025-08-07
c41d91fd81be3a4323a066782b30ff44,Andet,Ingen årsag – ingen tlf kontakt,2025-05-20
7ac115daad07fcf9761b2b44f3f703db,Produkt,Redaktionelt indhold / holdning,2025-05-03
1cde84f1aa8759c31f345196e5a0ac4a,Økonomi,Pris,2026-06-20
aa6e269cf153a1cb18bc691e3f947241,Produkt,Redaktionelt indhold / holdning,2025-05-14
492d85c60fd84f8d385988348a085314,Tid,Ikke tid,2025-07-08
10ff7398704c037f6a9acefe44160e7b,Andet,kunden ønsker ikke at oplyse,2025-05-05
dfdb1befea4c4fbac21e561c435811e2,Tid,Ikke tid,2025-07-04
cb92ae67bee72e40d07beb9773352800,Økonomi,Pris,2025-11-15
87ea5962d114ff09f1e4f50555fb2a67,Andet,kunden ønsker ikke at oplyse,2025-05-22
09605f5feba08df0b294e49c34e8361d,Produkt,Redaktionelt indhold / holdning,2025-06-20
c7ebffd40754673a2cbfb814685a9e7c,Tid,Ikke tid,2025-05-21
ea2607eb559fc1a29cc0985002eb4993,Andet,Administrativt,2025-12-05
5eb134a15957b96a04fdaa64d3990e0e,Økonomi,Pris,2025-05-09
e0e2dfb741cb21eb041e20ea6520556e,Tid,Ikke tid,2025-11-04
00acdfda9fa250382f43bdf7da59d814,Produkt,Redaktionelt indhold / holdning,2025-06-14
c3a2adcf58f23aa02be556824b1d0f70,Produkt,Redaktionelt indhold / holdning,2025-05-18
f8ca4217d40e82b809f2ecd679606f05,Tid,Ikke tid,2025-09-04
1afe42c07c73086a3d7239d14b5418a0,Produkt,Uden for målgruppe,2025-05-21
6bd0f400ff4d5f60356a683f2b2ead41,Tid,Ikke tid,2026-02-07
07995ffec6801cd5915707d56aff671e,Digitalt,Tekniske problemer (kunde),2025-06-03
aab906f1e94c3d75a4aad601d00431f1,Tid,Ikke tid,2025-05-20
6131759dabf5ee546602447d5770a54f,Produkt,Redaktionelt indhold / holdning,2025-05-04
7bd3476e9c4d1e139317924f42a5b8fb,Andet,kunden ønsker ikke at oplyse,2025-05-08
58a4805391b2ad17014167eb291a9e1d,Økonomi,Pris,2025-05-20
5582f3359c519dabc59888fe33454786,Digitalt,Tekniske problemer (kunde),2025-05-04
2c82f7a3f92409b674dbf5d3321f88c9,Tid,Ikke tid,2025-08-14
3ef2f6f92113adbf4b7b9a654898ba4a,Produkt,Redaktionelt indhold / holdning,2025-05-22
7dd87a725fe51ac8df32f9000b37e564,Andet,Administrativt,2025-07-03
77d030727b03fd6c9a637362091819d1,Tid,Ikke tid,2026-02-21
f8b94f20bd0c0d13361f4ca2f2d3dffa,Andet,kunden ønsker ikke at oplyse,2025-05-22
c81237e08e7023521f2b624d5c18fcf9,Andet,kunden ønsker ikke at oplyse,2025-05-04
94b676c80fe51500f9b72c7222d01021,Økonomi,Pris,2026-01-22
bb86350b32e733fb3db74e5d46c4c4ac,Økonomi,Pris,2025-12-11
28cde128aeb3f6579a2f6b02edd80a9a,Andet,Ingen årsag – ingen tlf kontakt,2025-05-21
72adc6d24abd2e177f104280a93c8b36,Tid,Ikke tid,2025-06-06
1fc6c306171021f85d6e02cf977da4f1,Andet,kunden ønsker ikke at oplyse,2025-05-07
3c50279c1b9fa031b0aea0db774dbf3b,Økonomi,Pris,2025-06-05
eaa673792cafda1755c469aa3093b123,Økonomi,Pris,2026-01-02
1c970787962b3364c125d8dc4f6f9b48,Tid,Ikke tid,2025-05-06
4df356691cd1556ee0adba27f45d8bec,Tid,Ikke tid,2025-05-27
2e61a4b9eba3b903cdb5ae94b9805e47,Produkt,Redaktionelt indhold / holdning,2025-05-16
fc58cfb884d82f8ff7398450731734d8,Produkt,Redaktionelt indhold / holdning,2025-06-07
bb67464668525ef9adea575cbb6b55d1,Tid,Ikke tid,2025-06-20
178acb3d7e922de240c43c165a813e33,Tid,Ikke tid,2026-01-07
62d6f6fbb6b7aed51301d5204f735ac3,Tid,Ikke tid,2025-05-04
c471b03cd445e41200a69e3b4cfdd9c5,Tid,Ikke tid,2025-05-23
de7b1fb9571eb0bfa9a5286fd5dabb7e,Produkt,Redaktionelt indhold / holdning,2025-05-04
a49247a5a877b7120e1fc45bab3435c2,Andet,kunden ønsker ikke at oplyse,2025-05-09
dfd3a068c917e611fbfa2b9a2fec9f07,Tid,Ikke tid,2025-05-16
607f4019185a2666418cd2bfd51ddb77,Tid,Ikke tid,2025-06-13
e8c8a5888ff8ecbe509165aa9657154b,Tid,Ikke tid,2025-09-14
0a2c05c75d874ab240347e05ec34d089,Andet,Ingen årsag – ingen tlf kontakt,2025-05-04
d6b04f2cfd26bfcddd84203818a8ddde,Tid,Ikke tid,2025-05-05
59412282eb0ad7b5ff852d30641808fd,Produkt,Redaktionelt indhold / holdning,2025-05-22
5422e7ec71c443cb70b22fda17cc0994,Tid,Ikke tid,2025-11-10
ba0c979afb67053e190747598d211ce8,Tid,Ikke tid,2025-05-08
148f206186a57489b85ac823dcf1a46c,Tid,Ikke tid,2025-06-15
c4001ea45fd4a1b949a2c6bf4cf15d53,Tid,Ikke tid,2025-09-17
b506be7c9a29252ae978684305eb3da5,Andet,kunden ønsker ikke at oplyse,2025-05-03
ac2d3c89f1c3f45158ff06bb091219db,Andet,kunden ønsker ikke at oplyse,2025-05-22
45693993923550bd9222c213478e0653,Produkt,Redaktionelt indhold / holdning,2025-05-18
0df5b387b78e35a51c02f8560b6beea2,Tid,Ikke tid,2025-09-08
b5702853f7eb0115759ddbc7df0976c0,Andet,RVS,2025-11-18
d12a65d3b86ee43619c89e2b0f6211d8,Andet,kunden ønsker ikke at oplyse,2025-05-18
58e02888045f1da0bf22ed5463423158,Andet,RVS,2025-12-25
72260acf5e480340359ff4b64eb87274,Andet,kunden ønsker ikke at oplyse,2025-05-07
ac0c634965a44feaf5f3a20d95de3fdc,Andet,kunden ønsker ikke at oplyse,2025-08-16
082681be98abd06c01c30e80a3fb0790,Produkt,Redaktionelt indhold / holdning,2026-01-09
11b03d02ea6b3dba705fedac764a799e,Tid,Ikke tid,2025-05-08
1e0ee1a98bb5daf6118705a5b2986dca,Økonomi,Pris,2025-05-16
11d87c1424309f7d91b606b3a84d0d8b,Tid,Ikke tid,2025-05-20
d7df96d130e472e3d558d2318e4b5b95,Tid,Ikke tid,2025-05-20
46372de78e0b9375dee15073d1b5ad6f,Andet,Administrativt,2025-09-25
122d86776d560a09a86c821924297a8e,Tid,Ikke tid,2025-07-09
014a894f1b5194be36a9abcba96789ed,Tid,Ikke tid,2025-09-18
6b97216a6178c74405357c7296debf76,Tid,Ikke tid,2025-05-21
0ed22aaaff7efc4fec0edc8fd96ad571,Andet,kunden ønsker ikke at oplyse,2025-10-04
862228c71e06513517a016fb17580c94,Tid,Ikke tid,2026-02-07
00bb9af8a62895982518727b0ee03565,Tid,Ikke tid,2025-06-16
4e834057d5879fe473e6575f05c7bec2,Tid,Ikke tid,2025-05-20
51b8ddd8afac0e7b7233c503a76cf7b9,Andet,kunden ønsker ikke at oplyse,2025-05-09
087ebc5dd84a5a63f00974b2dc26c2a8,Andet,kunden ønsker ikke at oplyse,2025-07-04
79bcea0ca1df80809925ac6826965e65,Tid,Ikke tid,2025-07-20
7f1fbd1dddd6cfd4329fdb318e8bcfb0,Andet,kunden ønsker ikke at oplyse,2025-05-10
beb2f43fd48148b2fa7e5fc19c7ad072,Andet,kunden ønsker ikke at oplyse,2026-01-11
e8460504ad911245b41cc4d1a5c69ec3,Produkt,Anden avis/produkt,2025-06-09
53a5a0ac68ef0f39ff5d68a23ad1b88e,Økonomi,Pris,2025-05-13
cd59224fcfcc404981604bd2c95ed713,Andet,kunden ønsker ikke at oplyse,2025-06-20
b1b4ca2372f53316b106967700debe0b,Tid,Ikke tid,2025-06-09
746c3c7e52c85a005037bead64aa2949,Tid,Ikke tid,2025-05-10
cec3fe960d60daafddc79bce70bdb365,Økonomi,Pris,2025-05-07
06c8ac777c34dd5d16d5a192a7ec9b8f,Tid,Ikke tid,2025-07-04
b654b3aea937958ac6ad385f1985554c,Tid,Ikke tid,2025-08-23
68f122f11bd427db445b55d31d330b93,Andet,kunden ønsker ikke at oplyse,2025-07-31
2a73451a7f4e0be51f5a8e30082805b4,Andet,kunden ønsker ikke at oplyse,2025-05-16
38675660bddbeeeb7652f2b312725eb4,Andet,kunden ønsker ikke at oplyse,2025-05-07
95475eb5c95d53d33288731c7721d070,Produkt,Redaktionelt indhold / holdning,2025-08-08
4b95adccb4398fefc81398af8a257a45,Tid,Ikke tid,2025-05-14
0337580bff96617791df065cc65b78e1,Andet,Ingen årsag – ingen tlf kontakt,2025-12-10
cfb0f260bbd8b345ebb474ee8b3a31c3,Tid,Ikke tid,2025-06-18
184b7d504cea2726418cfe3ffee86e47,Produkt,Redaktionelt indhold / holdning,2025-05-16
9dab05fdf67b0b139c8520a54e9b97ce,Tid,Ikke tid,2025-05-10
004b2a16f2f9167482481fec96be4856,Andet,Ingen årsag – ingen tlf kontakt,2025-05-04
70a170d32950120143a1af34636ae8ab,Produkt,Redaktionelt indhold / holdning,2025-05-19
73fe5fb3c7941d317c7d1d0af638d6d7,Produkt,Redaktionelt indhold / holdning,2025-05-17
bf9a9dc001237444190fe7f1cbe80850,Tid,Ikke tid,2025-09-08
941c2b3054d4aff517aef077da1ed7a0,Tid,Ikke tid,2025-10-20
7080837382b57577727af45c00841473,Andet,Ingen årsag – ingen tlf kontakt,2025-05-12
b6f3a3976e7ea243c1b5922b001f9efa,Andet,kunden ønsker ikke at oplyse,2025-06-20
7b74009236e8b58936ab88e293fa7c7d,Økonomi,Pris,2025-10-10
e4c5b02a0d4e20c09552d31e50c13fc4,Produkt,Redaktionelt indhold / holdning,2025-05-05
c806f370485dca6c667bf0c1000c949e,Tid,Ikke tid,2025-10-26
ff7c3d8147aca626a7efaa9120e040eb,Produkt,Redaktionelt indhold / holdning,2025-05-09
e06e61f1de9acb6d848b17a97f063a37,Produkt,Redaktionelt indhold / holdning,2025-05-02
254773d08d5ddfb82fdfad28371db425,Økonomi,Pris,2026-01-07
ad372c8a7a3b8d134c9eb5cf7267af63,Økonomi,Pris,2025-12-20
2f1e1f0e95db029b590b69b5b9eb6952,Produkt,Anden avis/produkt,2025-05-20
f0fa152f4037b954272eee47098ea09c,Produkt,Redaktionelt indhold / holdning,2025-11-20
d318a1f659b2a6ce46d0be0f99cbe2a7,Tid,Ikke tid,2025-05-10
9254dd7538b530e8e5015f612d51d553,Tid,Ikke tid,2025-05-12
c57715723b559d41744bb899bb494e69,Tid,Ikke tid,2025-05-12
c37504d892a2f779e98c50ee0579ec35,Produkt,Redaktionelt indhold / holdning,2025-05-21
433aa510b9dc273e221bde28e7296866,Produkt,Redaktionelt indhold / holdning,2025-05-09
5f9c3f215ecb6d25befc985b9c24beb3,Økonomi,Pris,2025-05-09
9f2b0d3c1d53f558f70bfad4c79df597,Andet,RVS,2025-08-20
6de367620679c429ff462d9a576b2c18,Andet,RVS,2025-06-23
845b4add6adcbc933e973db308d89080,Andet,Ingen årsag – ingen tlf kontakt,2025-05-06
b975e2f5a62b8b0601700a67787da14d,Salg,Annulleret køb,2025-03-10
5588b87ecc885fe81f54f875ca129b92,Tid,Ikke tid,2025-05-21
e014d5d423eec7606a2303d7bb68f7d6,Produkt,Redaktionelt indhold / holdning,2025-05-11
fd4b17098faf5af31d4bbf9088565549,Andet,RVS,2025-06-23
c9c0ee891e75d4768f4cacb8d505a47b,Produkt,Redaktionelt indhold / holdning,2025-11-10
ea212521bdc1794b4dc4914a201a8bcf,Tid,Ikke tid,2025-11-17
46f011284f5c30e7bc7dce5e9df85374,Tid,Ikke tid,2025-05-04
7ad00b86b8634e354c143637d68475af,Økonomi,Pris,2025-12-20
ac1680a3704fb229d6f2b8669ae4d0ec,Økonomi,Pris,2025-12-17
d434ebf14da785b30d1a825afafc7b71,Økonomi,Pris,2025-05-07
b8170fdd0a9a8da6aedce9a9214f5b19,Tid,Ikke tid,2025-09-24
72d1e04b4efb1a26e958273f601ecbd6,Andet,Ingen årsag – ingen tlf kontakt,2025-05-21
0fc48cd35b20bd28075e74a9879ddaef,Produkt,Anden avis/produkt,2025-05-09
f5de57c057c6ec27e94fb8d54a176f19,Andet,Ingen årsag – ingen tlf kontakt,2025-05-08
5e8af72025c9d68c8ca63ce6c5ae208c,Produkt,Redaktionelt indhold / holdning,2025-08-02
0cb912d21dd09ce5dbef80537ee33207,Andet,kunden ønsker ikke at oplyse,2025-05-05
afdd170767f40ce0175d30926b5de7d8,Økonomi,Pris,2025-08-15
1b266f44493167a1a622c3125819bfd3,Økonomi,Pris,2025-05-21
b1cff7fa22236dcb1b0a989f25fd5c43,Salg,Annulleret køb,2025-03-20
e5c1e5dfabe1d1b80ee995d84de2201d,Tid,Ikke tid,2025-05-16
bf9046fa8bf362613bb568886c425a4c,Tid,Ikke tid,2025-07-22
9529d220006c3cb9dbe9a74a46013a79,Andet,Dårlig kundeservice / oplevelse,2025-10-21
1af06db48739c4e618bb73c2cdd09ece,Andet,Administrativt,2025-05-22
4ac06699f06056cb181a486f622657a7,Andet,kunden ønsker ikke at oplyse,2025-05-15
a57f8cf69d62981546eab4ad5d846f52,Økonomi,Pris,2026-01-04
0eb265b24e2c22e395e6582f6e1c3f5a,Andet,kunden ønsker ikke at oplyse,2025-05-05
958256f5ac2353959f4f7f76b7cdda54,Produkt,Redaktionelt indhold / holdning,2025-05-16
f0aab63ad685e003555b7e8c0644dba3,Tid,Ikke tid,2025-06-05
24d200dbbdc90ade21b149b9ebc16d98,Andet,kunden ønsker ikke at oplyse,2025-05-20
b28ed967404925126fefb4e03b60eee9,Andet,RVS,2025-08-11
cd6c3e6398909fdb7208c8a41682afec,Produkt,Redaktionelt indhold / holdning,2025-05-11
01ae2661bedce685224dd58830b94e86,Tid,Ikke tid,2025-05-10
e6396f8167a1adfb29e8f99589b25a3e,Tid,Ikke tid,2025-09-20
c7bdb7da31ed15bcc2b8dcee4686c508,Andet,Ingen årsag – ingen tlf kontakt,2025-06-23
514346f9ea73786308ed7465bb307dac,Produkt,Redaktionelt indhold / holdning,2025-05-14
fc21356db5d9032949d7d27f4ad6a4f7,Andet,kunden ønsker ikke at oplyse,2025-05-06
5b6a7ea3f7caeadaadd87d90cc4e4780,Andet,kunden ønsker ikke at oplyse,2025-05-13
0786c281ec5d2458a226bda45e874c35,Tid,Ikke tid,2025-05-21
e209e48b572e7337edd6c072ebab6cc2,Andet,kunden ønsker ikke at oplyse,2025-12-22
af67fd7c157c69d9d9ee61096189a7f3,Tid,Ikke tid,2025-05-08
9c002c13eedc708f9732104b70028094,Tid,Ikke tid,2025-05-05
660fab39539b87b268e59b0d5cc6be74,Produkt,Redaktionelt indhold / holdning,2025-06-09
07e66a948735615a86d845bd1a71c5cb,Tid,Ikke tid,2025-05-06
564ef54581efe26367b066edef38e432,Andet,kunden ønsker ikke at oplyse,2025-07-09
6b127ea1d52e08eaeb4a25097d1c35b7,Andet,kunden ønsker ikke at oplyse,2025-05-11
bc6682848d7c1b202333e98041418be1,Tid,Ikke tid,2025-05-20
1b4b0d2897d5b4c6d4496d8c9e44c15b,Produkt,Anden avis/produkt,2025-08-20
71f7820ce499735a3a517ec239a7c1a1,Produkt,Redaktionelt indhold / holdning,2025-04-16
c402e82b274b94ea1c549636425759a2,Andet,kunden ønsker ikke at oplyse,2026-04-29
e7a301fe623aea209b0a5aff28ae5933,Tid,Ikke tid,2025-05-20
f7c658d9da4d4f824a47efac0722d303,Produkt,Anden avis/produkt,2025-06-04
adcf67549ea5003d9f1ab69ed748c94a,Andet,kunden ønsker ikke at oplyse,2025-03-30
0f6de2e197e7f32606ce2b45b80ab39e,Produkt,Redaktionelt indhold / holdning,2025-05-13
a9546fc46e09cf57bd17910e7f16c724,Andet,kunden ønsker ikke at oplyse,2025-05-22
bdba6e71913f8d10883e64d4a3eb100a,Andet,kunden ønsker ikke at oplyse,2025-05-11
7fbcf23d92ff3ad185541f9b4626b20e,Produkt,Redaktionelt indhold / holdning,2025-05-06
81650fef63fd494f8fb784e3f2b35c4f,Økonomi,Pris,2026-01-05
83da59eb70f526294fc5903113df888f,Andet,Ingen årsag – ingen tlf kontakt,2025-06-16
6323ed1aa67dc767d55d97846a20a59c,Andet,Administrativt,2025-09-19
0a06a3d1ec0555b3b9e04186dbd26621,Økonomi,Pris,2025-05-22
7a6e57a47889f4199c69b7f4de87e338,Økonomi,Pris,2026-01-13
44f3a70ad5f6c7d3b83909cff1ad231a,Tid,Ikke tid,2025-05-04
bb57881a5cf90e79b2b7fbf18fcba6ef,Økonomi,Pris,2026-02-22
9320c0ecb452f188cb6fecb6fa4ecb70,Økonomi,Pris,2025-05-09
ab41382298fc046bfa048d55ce9b1f0d,Tid,Ikke tid,2025-11-04
23a6f8a1edbc18b9f0f6371e1a325529,Tid,Ikke tid,2025-11-10
fcff08f9900492e80d3bc88cd2816a0b,Tid,Ikke tid,2025-07-15
69bd53d9aabb419a60a4d017008fa7f4,Andet,kunden ønsker ikke at oplyse,2025-05-04
ad7180fe09827b1267495a0a6a51b728,Tid,Ikke tid,2025-11-03
16ff7e9941858bc50b4d9a4e98455f28,Andet,Administrativt,2025-07-03
c43fda59ec054f920ad3eeb9d753de5d,Tid,Ikke tid,2025-05-06
4896ea98f4c230ae7176e09053413ffc,Andet,kunden ønsker ikke at oplyse,2025-07-04
23c18ba7347830b64be8b764005b8ba0,Økonomi,Pris,2025-05-11
b768d697a9b69a640ac06e346e9ab41a,Andet,kunden ønsker ikke at oplyse,2025-11-04
500a242e549566077a58249a19090812,Økonomi,Pris,2025-05-05
af32c827e26bda8f6a3e8c5769d4b802,Andet,kunden ønsker ikke at oplyse,2025-05-03
e293d3ecc73fa3a96ec0e0ae898c6f70,Produkt,Redaktionelt indhold / holdning,2025-05-14
fa71593f4cefdc83dfb80bc4c89c7fcc,Andet,kunden ønsker ikke at oplyse,2025-05-04
a2a931ef8e5f6fe348f878077b5a6ee7,Andet,kunden ønsker ikke at oplyse,2025-08-08
64be7e486e1a7a9c0654c3ae81310447,Andet,kunden ønsker ikke at oplyse,2025-05-21
02fe16a67b6e92fb1525c8dc4f5e19d2,Produkt,Redaktionelt indhold / holdning,2025-06-08
55de7730fb65fb3e90afdc6e82e46d13,Økonomi,Pris,2025-11-08
9032519e0fe05946b3e715ff4c2c75c1,Produkt,Anden avis/produkt,2025-05-20
848ee26ce93babd7d9d9d93b2df65b6b,Andet,kunden ønsker ikke at oplyse,2025-06-18
ac5c578c40656689a251c866ba3d6f98,Tid,Ikke tid,2025-05-20
ecbee44ff4421f80598cd038ea794911,Produkt,Redaktionelt indhold / holdning,2025-07-20
228e171206fad2c38a76aae4211549ec,Tid,Ikke tid,2025-09-23
fe93224d8d68377945c02f1116cda92a,Produkt,Anden avis/produkt,2025-06-02
b830221f1ce2bb617658079c1c1b13fe,Andet,Administrativt,2025-04-24
8285b49c0a8f3e74ceeb7db67dee6150,Andet,Ingen årsag – ingen tlf kontakt,2025-07-05
60b56255d3af837409ac85a30c69ed51,Økonomi,Pris,2025-06-21
995b95ede4107aab54f00f40a337f04f,Tid,Ikke tid,2025-10-19
c9f9144d6d7f9feea4a3f7b8508c7512,Produkt,Anden avis/produkt,2025-05-21
164ec18e75918cf0059591d1f7cd8f50,Produkt,Redaktionelt indhold / holdning,2025-06-22
a21eb0411730430a189ef885132a43b3,Andet,RVS,2025-06-17
91a2573ca8e375c5c1612a20c525f5c5,Andet,kunden ønsker ikke at oplyse,2025-05-12
2ed2e7c7740caace45ef81eba21f0739,Andet,kunden ønsker ikke at oplyse,2026-01-09
a7e986aac8ad1d94417c528739b94ff3,Tid,Ikke tid,2025-11-04
4262ff5f39aee5987c964b9d43dd7ddf,Produkt,Anden avis/produkt,2025-06-07
5ec9609c523d672d8c7b3cfc38b5cf8f,Andet,kunden ønsker ikke at oplyse,2025-06-20
6d65f77c4bce56087d22a22a734f493c,Økonomi,Pris,2025-07-04
44242123a235ab7886549f81d4a074ec,Produkt,Redaktionelt indhold / holdning,2025-05-14
3d5b0a78f46ce3493d06c63115065930,Økonomi,Pris,2025-05-10
d35d97da5a4ec305f98763ba7c8a0dfa,Produkt,Redaktionelt indhold / holdning,2025-05-15
4603d14094a6193d927fff2b51708237,Tid,Ikke tid,2025-05-05
50299e69701388372e0a2d450a30f237,Salg,Misforstået salgsaftale,2025-07-28
2a51690c82facfbc4556e85f4693dc17,Andet,Ingen årsag – ingen tlf kontakt,2025-05-20
61a8d7545abeeae31cca4d7ea8adfbd5,Andet,kunden ønsker ikke at oplyse,2025-05-16
39b620b3cc260fddfafbb19c29a55521,Salg,Tidsbestemt / kampagneløb,2025-05-10
ebf5c4601d4f18fc942ea7484462e14b,Produkt,Redaktionelt indhold / holdning,2025-05-23
f0f705e69a3153587156a90de673faee,Tid,Ikke tid,2025-07-07
d7de0bb1872779d0fa95792981d2e399,Tid,Ikke tid,2025-12-06
120494d531c102f36998867de084d359,Tid,Ikke tid,2025-08-20
e915a228f8c7167c10d10e33535d860a,Tid,Ikke tid,2025-08-20
4a6fea6ce49b72a8353d1c77209db304,Tid,Ikke tid,2025-07-18
59eac661f106396c61b2993b656bf706,Andet,kunden ønsker ikke at oplyse,2025-12-04
dc11ae6804e7e6d5703c16aede010648,Tid,Ikke tid,2025-05-21
ebeca48dfb318c270bfb475b68999df2,Andet,kunden ønsker ikke at oplyse,2025-05-19
2d5adde906e831f080f533074fff495f,Tid,Ikke tid,2025-09-20
fe3c45af45c15c51b4552c23672cf422,Økonomi,Pris,2025-07-19
12ad63f0c977b9e6c6376ff2ea3be398,Produkt,Redaktionelt indhold / holdning,2025-05-03
d94684e197cea38e5f304b72de68aea7,Tid,Ikke tid,2025-07-09
2c6156b11760d509f80689626ff8d773,Andet,Ingen årsag – ingen tlf kontakt,2025-05-20
e9e13727ac2e77bab1603fe24946eacf,Andet,kunden ønsker ikke at oplyse,2025-05-04
9b636dd933ffe5f7bcc115d62aeee610,Andet,Administrativt,2025-05-15
7fe44128ee877150541e83b00f8af178,Salg,Misforstået salgsaftale,2025-03-26
142e11ccea66a17bd3dc666b96c70115,Andet,kunden ønsker ikke at oplyse,2025-05-09
be6357d225a5c19f09acf6fbc6015653,Tid,Ikke tid,2026-01-04
6ece8933e5f45d1de309cedd5af97e5a,Andet,Ingen årsag – ingen tlf kontakt,2025-07-11
9cc003951ac3955755a2b1580326cf3c,Produkt,Redaktionelt indhold / holdning,2025-05-20
f5fab6cffe4587e628d9651e0607996e,Tid,Ikke tid,2025-12-21
0ff5ed8c95e08e84102e764ef0541efc,Tid,Ikke tid,2025-10-13
e0be3cb7d97ef50310d2ce06544c35d9,Andet,Ingen årsag – ingen tlf kontakt,2025-05-25
d0c4c9f292d80bb95236914f7cc2c39c,Tid,Ikke tid,2025-05-21
bb268a1296993a658fa958dcce6ce723,Andet,kunden ønsker ikke at oplyse,2025-08-20
7e501c13b0115638d9f52b73fa21869e,Tid,Ikke tid,2025-05-03
d416ff413d4769eebbe4baabe7e4675a,Økonomi,Pris,2025-05-18
1fcfe9d813ae0371b068c69afb639cd4,Tid,Ikke tid,2025-07-08
99b2dd2edb8fef8172f3d5b9f376f219,Andet,kunden ønsker ikke at oplyse,2025-05-20
9ab1c009fca6cd39cb93f9da0c90c0b3,Andet,kunden ønsker ikke at oplyse,2025-07-13
672c3edfb76ea64fa63a475a6f3f835d,Tid,Ikke tid,2025-08-19
1e9a3c7abf9c21470bc3ff8b110754f9,Tid,Ikke tid,2025-06-09
436d7b85a02448ee668f7f4460713825,Tid,Ikke tid,2025-07-16
683f34302ed1e312582a6257135ad7ac,Tid,Ikke tid,2026-03-15
a584c7f8aa67f3399a61edd43812f0e4,Produkt,Redaktionelt indhold / holdning,2025-07-02
8ca62176a2868f3a1c9d4b663d802fba,Økonomi,Pris,2025-05-04
e1cc2945a2ec96f8f2d396564b9b4913,Økonomi,Pris,2025-12-20
8101e37c195a3fa67a46c0f0a46489e1,Andet,Administrativt,2025-03-28
81a6dcabba113493087f9862fcb9375c,Produkt,Anden avis/produkt,2025-06-12
f54ffadf1451a7caef4cc67e01afee38,Økonomi,Pris,2025-05-21
df49190f560e6aae7be1bb02558601b8,Økonomi,Pris,2025-06-23
6c925b49b5a96735146e5ff5aa0d32ff,Økonomi,Pris,2025-11-05
3234d46db0e6de36d49704d274247df2,Tid,Ikke tid,2025-05-06
157b343a23caa5ceae611eac87fce993,Økonomi,Pris,2025-12-20
260ecef60f4aa81a9bbee7feb50baa90,Økonomi,Pris,2026-03-13
7b5dc0298c1f08e63d7907ce05257f64,Andet,Administrativt,2025-09-14
1fe8d767d3aa8a905060bf3e83ca0c59,Produkt,Redaktionelt indhold / holdning,2025-05-11
9d7dd9a43116697257a3631fc3d43dd4,Tid,Ikke tid,2025-07-21
6ba9456f4ffcca24b723d294a3eb77dd,Tid,Ikke tid,2025-05-08
d9131a70d86f30eae6d2e6bd57a76230,Økonomi,Pris,2025-12-22
87d2a11d788649d4c69bb4e10ff780c0,Tid,Ikke tid,2025-05-11
134dd83b74c604e99debbbe1d9c57439,Tid,Ikke tid,2025-05-03
b7f5af62c13145391bc951f84e3014d8,Økonomi,Pris,2025-05-08
f2e729572ee5d7ea093b9989e5fcd2cc,Tid,Ikke tid,2025-06-04
4686224ab47a1fa67c2bccdf7e3de540,Tid,Ikke tid,2025-05-22
799f16b134fc3399262a5bd5c08434b1,Tid,Ikke tid,2025-11-11
b2b9c2229c058653f5221e50b01d33c9,Produkt,Redaktionelt indhold / holdning,2025-07-05
e463f0f9681d51595aa29d943c869b0d,Produkt,Redaktionelt indhold / holdning,2025-09-18
cf78ae59afd3ba595b9bbe3634e8861a,Tid,Ikke tid,2025-06-22
2a5ac71661a5b6fab9cb884c8bead8d6,Tid,Ikke tid,2025-12-21
4905dd46c16d18159de212431037b037,Produkt,Redaktionelt indhold / holdning,2025-06-20
c275388bc56a60aedfef3a0d4197b3e8,Tid,Ikke tid,2025-10-15
5c270fa319642d25ce2f6304b565c516,Tid,Ikke tid,2025-05-15
8fa0a44a9bd3140f0ffb0c221d291f7c,Produkt,Redaktionelt indhold / holdning,2025-07-17
66c688595e2ec62dcbd9fe7d840d3ce1,Andet,RVS,2025-09-23
bfc04c65971b32ccb1e0fad11903aba1,Tid,Ikke tid,2025-08-21
d3bbd78fc08ccc5abd12a2162dd5633e,Produkt,Redaktionelt indhold / holdning,2025-05-14
9914011e182681ed9d6c24cb442405ce,Tid,Ikke tid,2025-05-04
57ad9a7e617c8046eceb938ec43f2890,Produkt,Redaktionelt indhold / holdning,2025-05-16
c81237e08e7023521f2b624d5c18fcf9,Tid,Ikke tid,2025-05-04
232433aa3d7e847e0a462e9336be16d7,Andet,kunden ønsker ikke at oplyse,2025-05-21
bd131313a490d54ccf4d7dd7c72f8b96,Tid,Ikke tid,2025-08-15
2da5fc5a7ab09c95c652562f4681bd29,Andet,kunden ønsker ikke at oplyse,2025-08-22
6d65f77c4bce56087d22a22a734f493c,Økonomi,Pris,2026-01-04
ef8055f337f6e7440116a5bcd1297e6b,Tid,Ikke tid,2025-06-04
add49e9f3efbc829a809336238069353,Andet,Administrativt,2025-05-20
dacc9c43dac760621fb910f020549e30,Produkt,Redaktionelt indhold / holdning,2025-05-18
415b000eecde4a9893f1b5573fc7881a,Andet,RVS,2025-09-23
40ce8c05d7acddc08d648c853f6c9a6a,Produkt,Anden avis/produkt,2025-05-10
df805926164de62f645d438131cfaef8,Andet,Ingen årsag – ingen tlf kontakt,2025-05-12
4181e0591321ea5735b2d671d59a2d15,Tid,Ikke tid,2025-06-21
e86c2ca04e30c7880e34bc7a6e698898,Produkt,Anden avis/produkt,2025-05-10
d2e7df5218a6ff959bf1ab85f1858ce4,Økonomi,Pris,2025-05-22
c72388148b999f0f684abdc883dfb610,Tid,Ikke tid,2025-07-21
928b157e4e5cadd4d92b31f0458e8a25,Tid,Ikke tid,2025-07-16
fbdfb1d45b4477cf1f0ccbb98868f70a,Tid,Ikke tid,2025-05-10
c725b4f13e87aee2d75db85f4b717ab6,Økonomi,Pris,2026-02-03
d7de0bb1872779d0fa95792981d2e399,Andet,RVS,2025-12-06
5bf87d92442082440339d43d7996e983,Tid,Ikke tid,2025-12-03
e8560d608abd181e5e783dd040bc7cbc,Produkt,Redaktionelt indhold / holdning,2025-06-19
2b18f2e4112c3260d1f29e3142f583d0,Tid,Ikke tid,2025-06-20
92cd67180417eb40d415c800fed452bf,Tid,Ikke tid,2025-08-04
14b486bc22dee7a288a5ea9a60d66fa8,Andet,kunden ønsker ikke at oplyse,2025-05-22
b35b31660d9b152e2ad1b2997ebd2663,Tid,Ikke tid,2025-05-04
9f2b0d3c1d53f558f70bfad4c79df597,Økonomi,Pris,2025-08-20
f1f13e18b2af733b92da4c5bca2a9ffe,Andet,kunden ønsker ikke at oplyse,2025-05-05
25cabc071210e89c45fc323a54e4e4d7,Andet,kunden ønsker ikke at oplyse,2025-05-06
e1ca92d94eb1a7d3bdf4fdb35b92f7b1,Økonomi,Pris,2025-05-14
9082cd5bd339e7f6efaeac23a1551815,Tid,Ikke tid,2025-08-19
98cc01e63f399c96201bfd463028c9ee,Økonomi,Pris,2025-06-10
2dd7e42f99ac96b837b800eff7ed8b73,Tid,Ikke tid,2025-09-04
477a6728517c7b760839ab584c3a7cc5,Produkt,Redaktionelt indhold / holdning,2025-05-20
7e75ad391f08921f8876539d914ccaf0,Digitalt,Tekniske problemer (kunde),2025-12-10
0169ede4cd963dc8b84fc4bfb991b976,Andet,Administrativt,2025-05-22
b3b579ba18e6e9824560f6dca3d35195,Andet,Administrativt,2025-05-20
ea212521bdc1794b4dc4914a201a8bcf,Andet,RVS,2025-11-17
e7081beab27c1e5d9cfa25500d9d1df7,Produkt,Redaktionelt indhold / holdning,2025-05-10
5b184e20faf8e969c0e55e9f82dc821f,Andet,Ingen årsag – ingen tlf kontakt,2025-07-05
890c53b5a0b80578830b84510b6b76b8,Produkt,Redaktionelt indhold / holdning,2025-06-16
3aa50522489338ea7443d4947d2d993f,Produkt,Redaktionelt indhold / holdning,2025-06-18
ed5e9900ab10fa23c83b7ee66569c059,Tid,Ikke tid,2025-05-13
33426eacfafcb883784bcc9bcbc456d6,Andet,kunden ønsker ikke at oplyse,2025-05-09
c502b0e0ba6d4368ce45fd4f8a87a07a,Økonomi,Pris,2025-05-20
47378391834a5d8266f892c218e86a24,Andet,Administrativt,2025-05-12
9e0088e9ee60088a284bb54dcdc18eb5,Tid,Ikke tid,2025-07-13
7aec7c5ef4851aaa9d0f08f8f8312457,Økonomi,Pris,2025-10-14
e181101072b5af45d5113b3d20183037,Økonomi,Pris,2025-05-03
1491939885319cc63bbc45f8583456e1,Økonomi,Pris,2025-05-21
4d8c4f5a4d1d1e646380f9c35c4dcb51,Andet,kunden ønsker ikke at oplyse,2025-05-20
68cc004add6d16311514269355dfd910,Tid,Ikke tid,2025-05-10
9df181d1c01cad49efc7b0eab03a631d,Andet,kunden ønsker ikke at oplyse,2025-11-11
7218582a0f6510270d4b4cb10276f767,Andet,kunden ønsker ikke at oplyse,2025-07-07
c8d04ab60d4ddf7d658eddd388e537dc,Andet,Ingen årsag – ingen tlf kontakt,2025-11-23
89c59f1c957f1af29ebb9e618cf55e5c,Økonomi,Pris,2025-10-23
cb1999f44040d75a589b9677b11ab6dd,Andet,kunden ønsker ikke at oplyse,2025-10-05
e36a2955c21f22023841899a593af38e,Tid,Ikke tid,2025-12-04
c7f097b9d706357319d402a81ecafe61,Tid,Ikke tid,2025-05-04
19c8f257518972e430a6be1cec52a586,Andet,kunden ønsker ikke at oplyse,2025-05-20
4686224ab47a1fa67c2bccdf7e3de540,Produkt,Redaktionelt indhold / holdning,2025-05-20
82e94553b5632fdab9a7723df1b4fde4,Produkt,Redaktionelt indhold / holdning,2025-06-16
ac147643ddbb23fbd9182a4236c57ac8,Produkt,Redaktionelt indhold / holdning,2025-10-17
54a5f3ccb94923bdb079beb55f981eec,Tid,Ikke tid,2025-05-04
6327de327a3d8f57a37c7462da321d07,Produkt,Redaktionelt indhold / holdning,2025-05-10
f99d1964208a3c9cade172c296fb9855,Andet,kunden ønsker ikke at oplyse,2025-05-10
e171a8643675f93226e0df6704494ed7,Andet,kunden ønsker ikke at oplyse,2025-11-16
91f8807046303bf8b0ebf8712503812d,Tid,Ikke tid,2026-01-04
68732262f5ce69c23aeaa985fd1ca61b,Andet,kunden ønsker ikke at oplyse,2025-06-13
354e7a5939a921d12feedb99c6d967d1,Andet,kunden ønsker ikke at oplyse,2025-09-03
82649ad2ffa03cbbf4c823a76d75a1b1,Produkt,Redaktionelt indhold / holdning,2025-05-08
441fba58754878611c05fa395b86c80b,Tid,Ikke tid,2025-06-22
8c033696b57b3ff5b67f457a01171285,Økonomi,Pris,2025-05-20
7f13e8b114b2144fd2f134b9f850737c,Økonomi,Pris,2025-06-22
b7189afe7ef2b29f89ee5c2277a95e23,Tid,Ikke tid,2025-05-18
5624fe0ba2ed62343dfa5dc651bcbb4a,Økonomi,Pris,2026-03-10
559410d8ab5887d2e936ff36d756803a,Tid,Ikke tid,2025-08-19
48d86d3c1e3a318b162d2e7232124bda,Økonomi,Pris,2025-06-22
1be6d7824f5784e4439a64918e21e211,Andet,Administrativt,2025-08-12
55681f6b1bbe6bce5d7b447f96a2d854,Økonomi,Prisstigning,2026-01-31
870916599f1702f25f2425eb19f2b10f,Tid,Ikke tid,2025-06-22
ac7f31ba17a317d6e992e882a0a4d55b,Produkt,Anden avis/produkt,2025-05-22
bb23615e32aca66b3af9ec1042ddb8be,Andet,kunden ønsker ikke at oplyse,2025-05-17
d5d12b6ce3e1654989aaee9f47de2a62,Digitalt,Tekniske problemer (kunde),2025-03-20
eb898021f24c44d7db980193a395a738,Salg,Tidsbestemt / kampagneløb,2025-05-03
c42af5001a6324e4228ab78a45310632,Økonomi,Pris,2025-05-10
01cad508503a8d700c051addb5ca5e24,Andet,kunden ønsker ikke at oplyse,2025-07-18
75d764e7c5aa2025f66a75af5548630b,Tid,Ikke tid,2025-11-09
0659d4d38786138a6aa809e8fd489069,Tid,Ikke tid,2025-12-12
892870b7adcff5ec90a80203b1724bbb,Produkt,Anden avis/produkt,2025-05-10
5480b280d24995741819da1706528ed7,Tid,Ikke tid,2025-05-20
be7ee4feca2026e1f9905d54770f1580,Andet,kunden ønsker ikke at oplyse,2025-05-07
821ea9572a535876de8e1bd52f541497,Andet,Ingen årsag – ingen tlf kontakt,2025-05-06
b5c5c1d4107e652fdeaa368f88a51a8e,Andet,kunden ønsker ikke at oplyse,2025-05-22
1f4db03f2ce5dec297af700536700774,Andet,kunden ønsker ikke at oplyse,2025-08-14
e39cdb344761c03c8764587137d2c269,Produkt,Redaktionelt indhold / holdning,2025-05-20
3a0bf932478ae8786cc3ed33867eec0a,Tid,Ikke tid,2025-06-21
651effcfa8f870250cb49c68e9507e90,Produkt,Redaktionelt indhold / holdning,2025-05-22
84dac38615093b058cdaddfd9bedd984,Andet,kunden ønsker ikke at oplyse,2025-05-19
23ab60f3d426ccd9fe945b7acfcbd9b8,Andet,kunden ønsker ikke at oplyse,2025-05-10
6ee037905fee692858240685220213be,Produkt,Redaktionelt indhold / holdning,2025-09-20
a1af3b6a83ab3831bad60fdc53a712ed,Tid,Ikke tid,2025-07-13
c0aa8822b42eb6779e985aad39decc9f,Tid,Ikke tid,2025-05-07
669659f0772f96da0bac4f84b1ff696d,Tid,Ikke tid,2026-01-04
1866629ff8d1b6c1b200e0f338b1335d,Tid,Ikke tid,2025-11-17
84462c32fcbf7b533329cebcb21db397,Produkt,Digital platform,2025-12-20
a3670336ee034e5147ce83a4aab58e9b,Produkt,Redaktionelt indhold / holdning,2025-05-22
f50856fc107729999e2e1d357c844649,Andet,kunden ønsker ikke at oplyse,2025-05-19
4dd7cbb673923c83f9b8abc1e0a25aac,Tid,Ikke tid,2025-06-04
e0be3cb7d97ef50310d2ce06544c35d9,Økonomi,Pris,2025-05-23
212576b9422b677f9ab77323ac2e636f,Andet,RVS,2025-06-28
bb0e7eb84345f80afaa42fe72614c199,Andet,Administrativt,2025-05-18
967d82c28270edd1b92191a9b29fbd6c,Tid,Ikke tid,2025-05-03
f0987c3595b34114e5085a1c0c799fbb,Tid,Ikke tid,2025-08-20
22a6b4c7e8f0f97515abe4eb37edfe1f,Andet,Ingen årsag – ingen tlf kontakt,2025-05-21
840bb9b0a0ea4b1a70639e5569f36bdb,Produkt,Redaktionelt indhold / holdning,2025-05-20
57c3d24e72fa070d69d3b587a75f99e5,Tid,Ikke tid,2025-05-09
cdf4b5845abcee42684fc103bcc62634,Tid,Ikke tid,2025-05-21
22bf58de695495f2a95f640498332fe1,Produkt,Redaktionelt indhold / holdning,2025-05-16
5f3f0dee1e07a275c13edeab81b5dc24,Tid,Ikke tid,2026-02-06
0d56571f7f84ac94a9f2040df12af2f3,Andet,Administrativt,2025-06-04
0d56571f7f84ac94a9f2040df12af2f3,Produkt,Redaktionelt indhold / holdning,2025-06-15
74967f9c539cf87f7da82fcab48780f9,Tid,Ikke tid,2025-07-12
b83e8af45f399d597ee5fb1d25786e17,Tid,Ikke tid,2025-07-10
6d8714d39b892dfb0983c38baf79e278,Produkt,Redaktionelt indhold / holdning,2025-05-07
7052d949d939fc804724f9706d031f04,Tid,Ikke tid,2025-05-22
44520b335edabb34f5b5a96e1d0bd832,Andet,kunden ønsker ikke at oplyse,2025-05-14
d0e09996630a7a664eb6f1f65c865d5c,Tid,Ikke tid,2025-09-20
750dd3ddc294d786ba32f8f14cda190f,Tid,Ikke tid,2025-06-04
0ff1fb912827dd493780434b9f5fe90c,Produkt,Redaktionelt indhold / holdning,2025-05-04
ca4594f4f60ad973138a97fc5a94c0fa,Tid,Ikke tid,2025-11-20
2c6bbbf8fa35f68c88d82688bd0f7a69,Produkt,Redaktionelt indhold / holdning,2025-05-21
d930f746a880de29aae6ce810b11f5da,Andet,RVS,2025-10-23
c1fcc738726f2786f0612e4b179bfe3d,Tid,Ikke tid,2025-05-13
fd7c61d9b6e9f8be434088054b064ea1,Andet,kunden ønsker ikke at oplyse,2025-11-21
5f836a331a4fc102ed77a36472629aff,Produkt,Redaktionelt indhold / holdning,2025-11-16
0c1f0cec87d275a5a25de0d6f7f3a32a,Tid,Ikke tid,2025-06-12
f21cb19a15c316900e2e471423ad2eb2,Økonomi,Pris,2025-05-21
1aa8b8e306867a78fdf10facd145d9d2,Produkt,Redaktionelt indhold / holdning,2025-06-03
00bdb5b652070c2b33e241a5998600e3,Andet,kunden ønsker ikke at oplyse,2025-05-03
7069e5b21f83398d49d36fb52ecc23a7,Produkt,Redaktionelt indhold / holdning,2025-05-06
addf8ac99c42c7e9e69884fdd2a6cf4a,Tid,Ikke tid,2025-05-18
8d6db829e8ec4283d3d84a0f47ef3c8e,Digitalt,Tekniske problemer (kunde),2025-08-21
bd4c582db6ad252cb8111e3711f34af3,Økonomi,Prisstigning,2026-01-05
dc06958e674987da4c082feed698ab7b,Økonomi,Pris,2025-05-22
e2035d51088ce9d756f789c0272280e5,Tid,Ikke tid,2025-06-22
10dccc12a352afbf40623f95125d640e,Andet,kunden ønsker ikke at oplyse,2025-06-03
e68c9e466739941a8939ccfcaeec8f4d,Andet,RVS,2025-12-09
13c1486add2783141856bac81ff85cb4,Andet,kunden ønsker ikke at oplyse,2025-05-04
d717496b69d3d8d5d201e81fa257ac9e,Andet,Ingen årsag – ingen tlf kontakt,2025-11-20
5470116f6d8ccd7b8e6c3bebf57f1f84,Andet,kunden ønsker ikke at oplyse,2025-05-21
34d88178100f7dc67e01e0aaba334352,Produkt,Anden avis/produkt,2025-05-03
8450867c34d2e1b804617f92fedc6d49,Tid,Ikke tid,2025-05-17
8ea82943798597396a272ed57e26eadd,Produkt,Redaktionelt indhold / holdning,2025-05-02
1b2792bf1dd006aba1cb96a063a2f84f,Produkt,Anden avis/produkt,2025-05-23
35e4a3451e17fa1e4f7b69cb8768ddd7,Produkt,Anden avis/produkt,2025-05-20
6c92627df0684ad210c2d339d1476e25,Tid,Ikke tid,2025-08-20
49b048d1df52534dc1b0cd371c8851f6,Tid,Ikke tid,2025-10-06
02480b1eb465af71452760dd0d8916f8,Andet,kunden ønsker ikke at oplyse,2025-10-06
c279248607a5bab56ccba7ac446223f6,Produkt,Anden avis/produkt,2026-03-11
9a740f002bede65a38ed185625bccb35,Andet,kunden ønsker ikke at oplyse,2025-05-04
25b091685441c9c3bdbe9e1bf30cd66a,Digitalt,Oprettet med forkert e-mail,2025-08-26
446f332ace9cc3135738ab48e8faa4fe,Tid,Ikke tid,2025-12-22
89fe18e88ee14abb6b80d6c2bffe70fe,Andet,kunden ønsker ikke at oplyse,2025-08-20
59dc551739bcb4f3f5c48a405394278c,Tid,Ikke tid,2026-03-22
c09678054489731969a35eefa7ab61a3,Produkt,Redaktionelt indhold / holdning,2025-05-04
2f1e1f0e95db029b590b69b5b9eb6952,Tid,Ikke tid,2025-11-20
66e531018b3b999d38f0894511a6a6e0,Tid,Ikke tid,2025-07-18
c9642c7e6b729027c298084251edfec2,Andet,kunden ønsker ikke at oplyse,2025-05-22
60a0d1887cd106e7464a10a381ec3253,Andet,kunden ønsker ikke at oplyse,2025-05-03
7775de537c04fc9861dc2968f2755917,Produkt,Redaktionelt indhold / holdning,2025-06-19
7fe44128ee877150541e83b00f8af178,Andet,Administrativt,2025-03-26
efcbf2da9a3604e16307938ba5318f3b,Tid,Ikke tid,2025-06-04
2f9710a6b323884ef84129309caf9ddf,Tid,Ikke tid,2025-08-21
2bc80ee820dd4caac5fa5f7f9d6e4a5c,Økonomi,Pris,2025-05-20
9b9aed51699330d089392e12ad4f2e6a,Tid,Ikke tid,2025-06-23
de69e87c5fea53f04b7b6b3c72a16a8f,Produkt,Redaktionelt indhold / holdning,2025-05-17
b37648d22ba1c40979c7f50216a23ccd,Tid,Ikke tid,2025-05-20
8fc8ac5a28516c7528190dc596a5cda5,Andet,RVS,2025-10-26
17cfa47c1032e09073f4c111d522557e,Andet,Ingen årsag – ingen tlf kontakt,2025-05-21
c2a0c0e55bee5b2702d2e9cee3a22347,Økonomi,Pris,2025-07-02
1144e252a0b338bae955d43b8f1406d0,Tid,Ikke tid,2025-05-10
f7e335754c1d61dce2e70ddf8b6011db,Andet,kunden ønsker ikke at oplyse,2025-12-05
59d3277007e8d45958cb0c37be36bd63,Tid,Ikke tid,2025-05-21
b6be0e02d507852ae16c3d23e2c9717f,Produkt,Redaktionelt indhold / holdning,2025-05-20
e42f8e767e6fc16da9668821ac36eb62,Produkt,Redaktionelt indhold / holdning,2025-05-20
59873b542c5de67efd6802e056c1510b,Andet,kunden ønsker ikke at oplyse,2025-05-12
a31e2114032d1859c32b0b5ad797c3db,Tid,Ikke tid,2025-07-17
b6aaed769aeafe1a96565a5a3575fc2a,Økonomi,Pris,2025-05-05
377dd6cfe7fe36b1c01d3f2996a44cfa,Andet,Ingen årsag – ingen tlf kontakt,2025-05-23
63897b31c21845c2831f2e3500dd0275,Økonomi,Pris,2025-05-04
9d5ff4740115f12ddda4845e9acf9f48,Tid,Ikke tid,2025-08-10
37ee89a920e19271f9fbb498f483a02c,Produkt,Anden avis/produkt,2025-07-10
139bd0cbde638e16224d7fbe2941b901,Produkt,Anden avis/produkt,2025-07-07
b2bc1519bdedee9e281f9a30e6a5c56d,Produkt,Redaktionelt indhold / holdning,2025-05-08
d0129f09763833b1b2567f8c7d2be980,Økonomi,Pris,2025-05-22
7a9fad27ae8841708385b2827b7bf92e,Økonomi,Pris,2026-01-19
dcbb95b22ec6915698f56724b817934f,Produkt,Redaktionelt indhold / holdning,2025-05-10
1493b48a623a745e57db83cf0b32da91,Andet,Administrativt,2025-08-24
d39d2ba1e1aaae6b07ef60d8e46b63b2,Andet,kunden ønsker ikke at oplyse,2025-06-19
8a807bb2fc8743e59c5d7479472d53d9,Andet,kunden ønsker ikke at oplyse,2025-12-20
e9f1866aeec508f598a365c94b6bc255,Andet,kunden ønsker ikke at oplyse,2025-05-21
0ec6b8f267326da4d32c62d776716dd5,Andet,kunden ønsker ikke at oplyse,2025-05-15
9797839576569545caa2f1cf389108ef,Produkt,Redaktionelt indhold / holdning,2025-05-20
f2356a431358478feaa3f0ab52de4dfa,Tid,Ikke tid,2025-05-03
a4f15224d97eb071028a4f5c814322ab,Tid,Ikke tid,2025-05-03
6091f63e9313dc3e4146be31e293f445,Andet,kunden ønsker ikke at oplyse,2025-12-11
a9c309b04afe33c62e437d57280d74e4,Andet,kunden ønsker ikke at oplyse,2025-06-10
a9c309b04afe33c62e437d57280d74e4,Økonomi,Pris,2025-07-10
7b0ad7f1896e766c4ad4993f53082ce9,Tid,Ikke tid,2025-08-21
ba46f331222c7804d3007faf2be638c4,Andet,Ingen årsag – ingen tlf kontakt,2025-07-04
336d377b414d6aeb1756502907b6ab86,Tid,Ikke tid,2025-08-04
b606ae0a4944362a1df65e2d41ed3830,Tid,Ikke tid,2025-05-04
6ac41ca81c8a5b763cfdc15ca1db45ab,Andet,kunden ønsker ikke at oplyse,2025-05-11
673614cb7aa6ff9045d6a6da7911a1eb,Andet,Ingen årsag – ingen tlf kontakt,2025-05-26
5414c1785bf852a26470a8f4a434f89e,Tid,Ikke tid,2026-02-15
cceb3290f938f15918c8cf27dd2ff945,Tid,Ikke tid,2025-05-13
f5e6f879f932f35a75797f0bb053c7c1,Andet,kunden ønsker ikke at oplyse,2025-05-04
55c6473e7caafd070a35a8907e348548,Tid,Ikke tid,2025-11-20
dd93943a44977881c2ef1b76a67a9c22,Tid,Ikke tid,2025-05-22
cfca42b67f889953733a6032ae4143d1,Tid,Ikke tid,2025-07-21
befa7a8c62ddf34b84108309cd2c1f59,Produkt,Redaktionelt indhold / holdning,2025-05-07
5ac2c11ffacf428b84f9d918b333cbfc,Produkt,Redaktionelt indhold / holdning,2025-05-19
9226bce10f06f4ab2d13d793985fe2dc,Økonomi,Pris,2025-05-22
cfb989d2b0e7704212c88903976a770b,Tid,Ikke tid,2025-05-22
14ae5fda85c636519e6bfc6886270325,Tid,Ikke tid,2025-08-06
9cfc1a5af23116db7eb52b11effcc4b3,Andet,Administrativt,2026-02-07
da9537185d65911a80acaf42a65a7e59,Produkt,Anden avis/produkt,2025-06-06
8af08980740ee721f3d745897e3f128a,Produkt,Redaktionelt indhold / holdning,2026-04-29
bbeffb2333cdd4b8b6e1e0224f1e1cdf,Andet,RVS,2025-06-26
00926277841584d8b248be711203cd9a,Andet,kunden ønsker ikke at oplyse,2025-05-17
eaea348fe18e623e30344962317776f6,Andet,kunden ønsker ikke at oplyse,2025-05-22
29570250930a4b6759f7de0a3ccbfa6a,Andet,Ingen årsag – ingen tlf kontakt,2025-05-04
31312cce5cd757416a102a8df3bb54e9,Produkt,Redaktionelt indhold / holdning,2025-05-21
133510099c29b2622548e08d2692a728,Tid,Ikke tid,2025-11-21
2386a3f4ebca1a9b86919c3d8991680e,Tid,Ikke tid,2026-02-13
a63f3d49d0f18526f2965d7968082f2a,Tid,Ikke tid,2025-10-20
4780fa33d0848ce9eb4c2a04613232ae,Andet,Ingen årsag – ingen tlf kontakt,2025-05-22
45e9380ee07e4423f355d32a9949e482,Økonomi,Pris,2025-12-10
de045497eb92dad6c43b7b86a32d4e45,Andet,kunden ønsker ikke at oplyse,2025-06-03
e325d7311c22dbdc14be5e551758ef38,Andet,kunden ønsker ikke at oplyse,2025-05-10
1e95a880364e96dcbdcc9b0db8a55105,Tid,Ikke tid,2026-01-10
b06ab5438e1123f471f3815f9da7de0a,Tid,Ikke tid,2025-05-16
ed369bab3d4dccc70a9bf6fb7da44d9c,Andet,Ingen årsag – ingen tlf kontakt,2025-05-11
ed4d4eaaf45e242a84710ec306d662a8,Økonomi,Pris,2025-12-17
cdfd2a89babf1b6e989ff43bdd144c3d,Økonomi,Pris,2025-05-19
f8aaf2658148a3cff3785804aac976d2,Produkt,Redaktionelt indhold / holdning,2025-05-07
840bb9b0a0ea4b1a70639e5569f36bdb,Andet,Ingen årsag – ingen tlf kontakt,2025-05-20
c0441af0f7123bbe577e5fdb95015e65,Tid,Sæsonpause,2025-05-22
d4320c5fea0b44bca81af504ba1f9b7b,Produkt,Redaktionelt indhold / holdning,2025-05-03
f9200c31a456ddcf5b2de3ee5667e0b7,Produkt,Redaktionelt indhold / holdning,2025-05-14
856cb3f6e96cecc0ea9e5c063c49d2c2,Produkt,Bestemt indhold,2025-05-11
4b5ac62530c308e8b1869b7c95414415,Tid,Ikke tid,2025-07-20
a9da990965cf54eeed3cf91c4ed152e5,Tid,Ikke tid,2026-02-06
9eeffbaacde0e7c9e1e907f057ca5f3b,Produkt,Redaktionelt indhold / holdning,2025-06-22
a9f26321a4149c609504b1c01b16a8cb,Tid,Ikke tid,2025-11-08
09d4166c98f75359232384abbb75ae75,Tid,Ikke tid,2025-05-20
0484f997f96e9c43723d291f2abd975d,Andet,kunden ønsker ikke at oplyse,2025-05-03
7765b84362c3f2409057ab7e51be2947,Andet,kunden ønsker ikke at oplyse,2025-05-07
5e3435da502300921632fa4d47c44202,Tid,Ikke tid,2025-11-10
10d5736de1bd27274198d1f1f0ee6d55,Andet,kunden ønsker ikke at oplyse,2025-07-21
507b806786366903caf74c8d0ff13b47,Andet,kunden ønsker ikke at oplyse,2025-11-22
864e9924d017e8e3f57b370be7749c29,Tid,Ikke tid,2025-11-07
182197fc3916b2d8947f32f00b3d5257,Andet,kunden ønsker ikke at oplyse,2025-05-04
d394a1f873177cca6f4d0c3067edf964,Andet,kunden ønsker ikke at oplyse,2025-05-16
0b470ad1a99a77dcd692372316da8736,Produkt,Redaktionelt indhold / holdning,2025-05-04
62a132e8a5279a11a7f4c84a775369c4,Andet,RVS,2025-07-18
62a132e8a5279a11a7f4c84a775369c4,Andet,kunden ønsker ikke at oplyse,2025-07-18
17ce3e6c9944c046e8d5ebd1c1467144,Andet,kunden ønsker ikke at oplyse,2025-05-19
b4e9f0121b01335d7f0f9fc9875638aa,Tid,Ikke tid,2025-06-22
db4828062baa2fa76909d003660bb7f4,Økonomi,Pris,2025-05-21
1e3ddb49a606da0cf5714df48c2bdb08,Andet,Administrativt,2025-05-06
b7cd75ab3ab11de36960a62aa04af6e0,Tid,Ikke tid,2025-05-15
481c8265554f63d9673fdfc21d40b119,Tid,Ikke tid,2025-06-21
5582f3359c519dabc59888fe33454786,Salg,Annulleret køb,2025-03-10
1e7f77c858e9148b9550fba2d45cbc1c,Tid,Ikke tid,2025-05-14
481524ce28c3dc23b2b9110b37fd4ff3,Andet,Ingen årsag – ingen tlf kontakt,2025-05-04
a7cd673a8e3e9db1b86781d7d40e317d,Økonomi,Pris,2025-05-04
4ac661c7491b55a4984174f89fdaaa83,Tid,Ikke tid,2025-06-18
a9776a8f6473d254f8441d26aa767367,Produkt,Redaktionelt indhold / holdning,2025-05-10
1a2b0c171a74b27b44c0eb3d5c42f083,Produkt,Redaktionelt indhold / holdning,2025-05-21
015c8f8df318631d67492e3d94b2794b,Andet,kunden ønsker ikke at oplyse,2025-12-04
b1d87804abaf5480992c81655242752e,Andet,Ingen årsag – ingen tlf kontakt,2025-05-10
dd17b70b375e73e19d04201f4fe37788,Tid,Ikke tid,2025-05-20
5fc6f61f405434f7c0044892d2bc8578,Tid,Ikke tid,2025-11-17
1dea1f63217786b469f54f3de9c83a6c,Tid,Ikke tid,2025-12-20
aace5950e6b447f75724c6edebe9b719,Økonomi,Pris,2025-06-07
30f784b5886a73a096111934c55158a9,Salg,Misforstået salgsaftale,2025-09-11
1ebd769533f806c239afc2ca81cf43f7,Økonomi,Pris,2025-05-18
a1982f47d5e6ad76a062e64367127c07,Produkt,Redaktionelt indhold / holdning,2025-05-04
004b2a16f2f9167482481fec96be4856,Andet,kunden ønsker ikke at oplyse,2025-05-04
61423e0d9a8a1b3b06f4e29a0515c61b,Andet,Ingen årsag – ingen tlf kontakt,2025-05-02
e4c2b513bdcea217379ef84b2507904a,Andet,Ingen årsag – ingen tlf kontakt,2025-05-20
1998daf4646037e7c0820958807fb1d5,Andet,kunden ønsker ikke at oplyse,2025-05-19
2ef1b0911c92e61e14b195dda6980a68,Produkt,Redaktionelt indhold / holdning,2025-05-06
e6d42f2cc92a1b3642be36753811c7ec,Andet,kunden ønsker ikke at oplyse,2025-05-21
e12aeab2cdd9cfe212471224aa9a0d09,Produkt,Redaktionelt indhold / holdning,2025-06-10
7dd7d15cf5f9a5190e6a640fa670fef7,Andet,kunden ønsker ikke at oplyse,2026-03-06
e2bcfffc7ab626d766ff915f3827a5b2,Produkt,Anden avis/produkt,2025-05-06
0152a4407923a40bef8b35a2b112ae30,Andet,kunden ønsker ikke at oplyse,2025-05-04
4c617fb65472db63d8a3c1e1a1bda25c,Andet,kunden ønsker ikke at oplyse,2025-06-08
201b83d92c687dc44185b42177f63cf9,Andet,Administrativt,2025-08-04
28cf6e0849f84472089d55fc5ec659d9,Andet,kunden ønsker ikke at oplyse,2025-05-05
562b7fa175e7d20af1d4fd8b700ab6b2,Tid,Ikke tid,2025-09-08
717f81079f55e2cd5f9e7585f0cef79e,Tid,Ikke tid,2026-01-22
fcfd45344b1647471f5ec6194c220c3e,Andet,kunden ønsker ikke at oplyse,2025-06-06
aac9bb91d160b45de44dd566969c0839,Økonomi,Pris,2025-06-09
de045497eb92dad6c43b7b86a32d4e45,Tid,Ikke tid,2025-06-03
1324af99aa0c369356ae0fac91e7088e,Produkt,Redaktionelt indhold / holdning,2025-05-16
7cdfc87b3d8dd8aae8464558885e374b,Produkt,Redaktionelt indhold / holdning,2025-05-04
ebb39d9307cc4c5a63a7a83ab8fe9be8,Tid,Ikke tid,2025-06-09
d37cd1babcd1ecb66465edf82425aa0d,Andet,kunden ønsker ikke at oplyse,2025-06-16
6329358de53bfa9dbc7d0f9fa5507d3f,Tid,Ikke tid,2025-05-20
a77f1ea6a4aaa156d26bf44c45530b71,Andet,Ingen årsag – ingen tlf kontakt,2025-07-04
c8773ba99e238fcc3e6354b094c054dc,Produkt,Redaktionelt indhold / holdning,2025-05-14
7914eefd03db41f93ff599d0b8de560c,Tid,Ikke tid,2025-05-10
a3f22adaaa3f71c5dbda11ce952938c8,Andet,Ingen årsag – ingen tlf kontakt,2025-09-09
a48af4981d5cc3f1cd9e91e123b946ca,Tid,Ikke tid,2025-05-10
d0d81b7a741d91ade62ef2055b924416,Andet,kunden ønsker ikke at oplyse,2025-11-08
c7e1c5854a5498b853ccece74c497065,Andet,Ingen årsag – ingen tlf kontakt,2025-05-20
57cef26b24dd3261305b89346fde0eeb,Andet,kunden ønsker ikke at oplyse,2025-05-21
c02f67974ac36a6c2c86a99b09071d69,Produkt,Redaktionelt indhold / holdning,2025-05-22
647b9a8e69e1823003b5351fa6ce97a8,Andet,kunden ønsker ikke at oplyse,2025-05-21
9643696e3d7223eba64c33fec571a3ed,Andet,kunden ønsker ikke at oplyse,2025-07-19
374f3786930ea8008317faaafb586def,Andet,Ingen årsag – ingen tlf kontakt,2025-06-04
7b27290677c1111502f87e9089d35a01,Tid,Ikke tid,2025-06-04
7b4fa6601c1f309c017664b468956354,Tid,Ikke tid,2025-08-13
f31db9e7a7c8ce01c0bb89b326001d42,Tid,Ikke tid,2025-12-20
5dda4e685600b3ae7b09836aca37d057,Tid,Ikke tid,2025-05-21
763d058903725935287f1ee857645566,Økonomi,Pris,2025-07-10
0189b22c99e33623162d8637b1f1f081,Andet,kunden ønsker ikke at oplyse,2025-05-20
8423866ec1a677d8bf54c4cb91ec613a,Andet,kunden ønsker ikke at oplyse,2025-05-07
fa91b4e6754bdd62e07cf4bbf326e05b,Produkt,Redaktionelt indhold / holdning,2025-07-22
9ee60c297a751b20d595266bd388215c,Andet,RVS,2025-06-18
45b86a626ea122688c3caebb29f603ea,Tid,Ikke tid,2025-05-04
3b7e252e3cad823b1a333da15165e8fc,Økonomi,Pris,2025-07-19
1270765e2f706706f11feb985c9b970d,Tid,Ikke tid,2025-10-21
9e0e45845c878498d17ca42dbd872785,Andet,kunden ønsker ikke at oplyse,2025-05-05
1725d628a9e0eca83995d9c9f6811bb8,Andet,Ingen årsag – ingen tlf kontakt,2025-06-01
9b286b9d8135a91d3d8edc5f6caefe5d,Tid,Ikke tid,2025-06-12
ef90ea2326cba1cf3eee3776c430b624,Produkt,Redaktionelt indhold / holdning,2025-12-14
3f267ca819325c1fe782457dac5089e1,Tid,Ikke tid,2025-06-21
cfda831591d317b78cb24f401d7fe1b4,Produkt,Redaktionelt indhold / holdning,2025-05-04
9f6cebfdcb0808f398039940c0e923e3,Økonomi,Pris,2025-05-06
de829deda88d0df0c4c8f9a3eb4cc186,Produkt,Redaktionelt indhold / holdning,2025-05-20
d2272179aa910b22d9225a1199cf14fa,Tid,Ikke tid,2025-05-13
38f5f24677474d61ad85fa40e4135d7d,Andet,Ingen årsag – ingen tlf kontakt,2025-05-07
61e16705d87a29017b7e46136c9e5756,Andet,kunden ønsker ikke at oplyse,2025-06-13
f33e5dc74fc7c613e1c5183dca828d52,Produkt,Redaktionelt indhold / holdning,2025-05-05
db377db012994337e849d93d6fe9e4c8,Andet,kunden ønsker ikke at oplyse,2025-10-10
cbd25d5f4fe90834708bb6e362dd71ff,Andet,kunden ønsker ikke at oplyse,2025-05-03
d61fc621115dad0ac2ed28f0b855bd11,Tid,Ikke tid,2025-06-20
16f60feab4be66bbce8e014e9f6f1a04,Tid,Ikke tid,2025-05-04
3153c33ed1f578782ed8f49986d4cff4,Tid,Ikke tid,2025-05-12
54094c3c9edc3db4786151a6c8b9b5a6,Andet,Ingen årsag – ingen tlf kontakt,2025-06-09
834ad5211bd6e9519192ce3cb9457802,Produkt,Redaktionelt indhold / holdning,2025-12-16
86a838f1d2d0779f6e3bae98ccf53ebd,Andet,Administrativt,2025-05-01
026950ba1188c7b7567b2c0196a567dc,Produkt,Redaktionelt indhold / holdning,2025-06-03
d191f386d848be4c5be981c0f8816e01,Produkt,Redaktionelt indhold / holdning,2025-06-14
677850815754ae05e51e9d6d395d574f,Salg,Tidsbestemt / kampagneløb,2025-05-10
95475eb5c95d53d33288731c7721d070,Tid,Ikke tid,2025-08-08
cbbccaff1980a9afe74cf3b70a7d61da,Produkt,Redaktionelt indhold / holdning,2025-05-04
0e8de2444b618b91a174a5834a364882,Tid,Ikke tid,2025-06-18
6ef97b05e9a9dd60bdbbd8f31c87c5d1,Tid,Ikke tid,2025-05-20
5925eab9bc621733645f6fd41ebaccb0,Andet,kunden ønsker ikke at oplyse,2025-06-20
5e0a5a0d407f199fbd20566d5903ac71,Andet,kunden ønsker ikke at oplyse,2025-05-09
e121d81cf042fc1796bec45ee93a73ed,Økonomi,Pris,2025-05-06
a86d5ef36eda767cce42d1c28dd18869,Produkt,Redaktionelt indhold / holdning,2025-05-14
7cc6d77803a5c2de142a14ace1b34a08,Andet,Ingen årsag – ingen tlf kontakt,2025-05-09
08ce32090c34f9ffc0d9dad565a1ea00,Salg,Annulleret køb,2025-05-13
65f384db2f6edd9e5206321ecfbcee33,Andet,Ingen årsag – ingen tlf kontakt,2025-05-20
21238e1c78588bea853c315d46f5dc29,Andet,kunden ønsker ikke at oplyse,2026-02-14
12a4b4f33de44e8dec37edffc01f0197,Tid,Ikke tid,2025-05-21
6567c1ca05dde94aa6bb51004cdee9e3,Økonomi,Pris,2026-03-09
ada1a9f52e76932f543ae8b32f1a3b20,Økonomi,Pris,2025-05-20
d3b4f98b469e7b1bbf56522e703cc9b5,Produkt,Redaktionelt indhold / holdning,2025-05-13
1d5478a63294ca8ce41f80f797e23696,Tid,Ikke tid,2025-05-21
743a9d6d44dfa092081f615773fdfd6b,Tid,Ikke tid,2025-05-10
aa345f66c3734ec28ca44313506d22f4,Andet,kunden ønsker ikke at oplyse,2025-06-04
5a4462a29a562fe12eead8aaa422ad61,Tid,Ikke tid,2025-05-06
30af1188b05d88e62fc64e6615574579,Tid,Ikke tid,2025-05-08
1cde84f1aa8759c31f345196e5a0ac4a,Økonomi,Pris,2025-12-20
4d776c43d67541ee80a3327421aaabf6,Tid,Ikke tid,2025-05-21
541d7bf883db417c6879eb5c4fa6f282,Andet,kunden ønsker ikke at oplyse,2025-05-22
c8e4a23b9e979430d588440ed4f70da7,Økonomi,Pris,2025-05-06
13cd3c8c6b1ca4650dbf480c5df9d6be,Produkt,Redaktionelt indhold / holdning,2025-05-08
29c3dcef5a5e54544a37d3c9f9f41ca9,Andet,kunden ønsker ikke at oplyse,2025-07-14
372423fee286446a26a1f3d2cf16beba,Andet,kunden ønsker ikke at oplyse,2025-05-22
f8a31b28770a75fe299ad45b0bc9ee65,Økonomi,Pris,2025-06-14
4faecfc123f27c115bfe358d67ef427a,Produkt,Redaktionelt indhold / holdning,2025-05-22
67d63442a6872a7d0c8c9c556222efb3,Økonomi,Pris,2025-05-20
3b14d58a14632ed87ae70ed029355208,Produkt,Redaktionelt indhold / holdning,2025-06-21
dfe27d0f145bca6ed62bf0861cad9c36,Andet,kunden ønsker ikke at oplyse,2025-05-11
571159ca10daca95e57ac9661ce75d2c,Tid,Ikke tid,2025-05-21
14df285cfbc6233b5735b67454fafc5b,Tid,Ikke tid,2025-07-09
b4ef7db62ab7b8ac08f209efd528b316,Økonomi,Pris,2025-05-16
959c700e99c5e04175aa14267701fb89,Tid,Ikke tid,2025-06-20
d5fd2cb43a6429a01f2dc22b184df8e7,Tid,Ikke tid,2025-05-02
9a72e2d07560b1f2dcce1ddf6f4e5754,Produkt,Kommercielt indhold,2025-05-05
186dd15ca3e819a236693fd2ce8f666e,Andet,kunden ønsker ikke at oplyse,2025-05-13
777833f12b1c604a5b3d6dd76bdde6ec,Andet,Ingen årsag – ingen tlf kontakt,2025-05-22
df243b961367b2174f33a26ff9d970db,Tid,Ikke tid,2026-01-06
1fb4fffd2653ec4e8a5fa61b0e8f489c,Produkt,Redaktionelt indhold / holdning,2025-05-21
7310d9a89f117d551524d81270cc4cea,Tid,Ikke tid,2025-10-09
cef8c111e1a6a010e5e1a9801e09a2e0,Økonomi,Pris,2025-05-19
1da131d7a8dc57b82789529e6f1df128,Produkt,Redaktionelt indhold / holdning,2025-05-04
3879b6e1d91fcbf0f18122529184e756,Tid,Ikke tid,2025-10-06
559410d8ab5887d2e936ff36d756803a,Andet,Ingen årsag – ingen tlf kontakt,2025-05-06
bb36e706698779b4386e240e45a76c9f,Andet,kunden ønsker ikke at oplyse,2025-12-06
b3743cd8f717c4b7c1f68f572f1af0d5,Produkt,Redaktionelt indhold / holdning,2025-05-21
c7bdb7da31ed15bcc2b8dcee4686c508,Andet,Administrativt,2025-06-23
6be1f70d713e332f19221af13f05290a,Andet,kunden ønsker ikke at oplyse,2025-05-18
bbb361a9cc76e407add75eb772b1ee6e,Produkt,Redaktionelt indhold / holdning,2025-05-06
fcff08f9900492e80d3bc88cd2816a0b,Andet,Administrativt,2025-05-15
5639e95cda59fda72f6131b5e6e4e716,Andet,kunden ønsker ikke at oplyse,2025-05-18
7fcfd5b9e8ade3613c73b0c8270fabb4,Andet,Ingen årsag – ingen tlf kontakt,2026-01-04
484b1afd306927be4210bae26a48d4f4,Andet,kunden ønsker ikke at oplyse,2025-07-20
37ff6f6b1a24548aa9038287d12f48b8,Økonomi,Pris,2026-01-05
3ccfb60c0dcc940bdf0b4b93fe782108,Andet,Ingen årsag – ingen tlf kontakt,2025-05-20
55cd5e4dbb4a407e4a3c3b57c7fb99be,Andet,Ingen årsag – ingen tlf kontakt,2025-08-05
34e69eb8352599ea5989a86183e94a0c,Andet,Administrativt,2025-05-12
3d1673e3c7b52cbe6912069d9eae8d9c,Tid,Ikke tid,2025-05-23
83b6969c7877f21ee7e1ffba875f5df5,Økonomi,Pris,2025-05-07
95475eb5c95d53d33288731c7721d070,Andet,RVS,2025-08-08
53d01f1f3bec115d6ef1353f681595cb,Tid,Ikke tid,2025-05-17
e5a437e84e41484e54a7bc16563f650b,Tid,Ikke tid,2025-05-20
111f0b8ba99b5f710b9ff3e9fb73df42,Andet,RVS,2025-06-27
e7bc7f5186893dc1471ef45413025209,Andet,RVS,2025-12-14
f32c43d378bf9c3fff05c3106dcf599f,Produkt,Redaktionelt indhold / holdning,2025-05-17
f19cb9bef22172940b4139ddc47320c0,Tid,Ikke tid,2025-11-06
e313c648720ad368db50f15344b943aa,Tid,Ikke tid,2025-08-06
8e3f83df238b7c83c8cfa217c33b9e95,Økonomi,Pris,2025-05-02
bf88a2da0661ba3ff1e98352538369ef,Andet,kunden ønsker ikke at oplyse,2025-05-08
2bd2e95a4d3311df6323da35a365ab0d,Andet,Administrativt,2025-10-23
679422c87961c3b866fc52150781731d,Økonomi,Pris,2025-05-09
636b7d1b6d112fae9a3d0ef792410d65,Andet,Ingen årsag – ingen tlf kontakt,2025-06-03
813bfd2231636d143e977b3c92482297,Andet,Administrativt,2025-04-28
82c381bcb5da7b266e8457450d4d9d5a,Tid,Ikke tid,2025-05-09
6ecb28b84d3a784429d89cdd1bf707e8,Tid,Ikke tid,2025-05-06
07020bd60c8550351dca52ee85797736,Tid,Ikke tid,2025-05-10
ae1d3d9df70b5a5b933464df7ba958a2,Produkt,Redaktionelt indhold / holdning,2025-06-15
62903f01a8b4d36801a30d3e3a61c26c,Andet,kunden ønsker ikke at oplyse,2025-07-20
4186814b6bc1988f1aac92ccd15aec40,Andet,kunden ønsker ikke at oplyse,2025-07-20
77b11ccf26a9e23d4e6fb10a372b8374,Økonomi,Pris,2025-11-12
07aac1ad911f0fa3d80e29cb0dbf0215,Andet,Administrativt,2025-05-19
ff8d95402a130dc888f8158e5601101c,Økonomi,Pris,2025-05-13
11cec0fd49b5a1ed7cff46ec6f8e3c6d,Andet,kunden ønsker ikke at oplyse,2025-05-19
a44108148e8cffb011c3395b78f5f938,Andet,RVS,2025-08-12
dd4d55e0e908ca50ec26ca9b5e4fda19,Andet,kunden ønsker ikke at oplyse,2025-05-19
bd8f91881891b817482f341aa7cea847,Produkt,Redaktionelt indhold / holdning,2025-05-21
fabb0fa73bfeceecdf161da3389b6caa,Tid,Ikke tid,2025-07-12
905ad53e7ca2f7ae55cfa5b3734fae4e,Produkt,Redaktionelt indhold / holdning,2025-05-14
45fd6146dbb7e8651cf3d712d81cdcf1,Tid,Ikke tid,2025-05-22
952f7975704d54cd4af0b892ac9c62d1,Produkt,Redaktionelt indhold / holdning,2025-05-03
97277819e09ed9f7d393fd3f3d624656,Økonomi,Pris,2025-05-20
30e31485609c73343cd6c358e62bdc65,Andet,kunden ønsker ikke at oplyse,2025-05-04
a7167ae7ddb2ba3b3198c0914e6bc76a,Økonomi,Pris,2025-06-20
dcaadf3ddcf358e577151fecadb3967d,Økonomi,Pris,2025-05-05
f2f9a0e15da517768c7965ab94e2a5ab,Økonomi,Pris,2025-09-18
50c8241b217a6fdf985092122b8a6114,Økonomi,Pris,2025-07-09
0f83f350b48ba9a34a3a312205196d45,Tid,Ikke tid,2025-08-18
fba1db33923003177babc40f0a3cfe8d,Produkt,Redaktionelt indhold / holdning,2025-05-05
7bf3a9ea20a2f4661d94dd194a1cf803,Andet,Ingen årsag – ingen tlf kontakt,2025-05-21
17d7422c846048398b122c39a8aaaf61,Økonomi,Pris,2025-05-20
56d0f1684db83e82bdad0992cf7ae4b2,Produkt,Redaktionelt indhold / holdning,2025-12-09
2d4d321307fe1f90c06d5213e604941f,Andet,kunden ønsker ikke at oplyse,2025-05-11
507b806786366903caf74c8d0ff13b47,Økonomi,Pris,2025-12-22
84e6974e7c3ebf7fcc2f994ca97068f7,Produkt,Redaktionelt indhold / holdning,2025-05-09
30940b4b1cd99664e4dd18235982c892,Tid,Ikke tid,2025-12-09
85879b96cc5b5ffd524cd66d43d6133c,Tid,Ikke tid,2025-05-06
3ea2aa0aabcff460c0b99278add14b33,Andet,Administrativt,2025-07-04
0117ef4e2fc98208852da4c90c5bd4f0,Tid,Ikke tid,2026-02-05
706e093c596c9b6de385b40a984f12b0,Andet,Ingen årsag – ingen tlf kontakt,2025-05-14
b4dad48c72f72f415a9ea3e137b06419,Tid,Ikke tid,2025-06-08
66104ab0613a2f9088b1df33c38dbc59,Produkt,Redaktionelt indhold / holdning,2025-05-15
e673b3a9ddc2393a2ccc0ce52666ba2f,Andet,kunden ønsker ikke at oplyse,2025-05-22
31a8bcdc10668cbc947138c9a0b10ef0,Produkt,Redaktionelt indhold / holdning,2025-05-22
e2fdae02e45683dec3d2e1469f356fa4,Andet,kunden ønsker ikke at oplyse,2025-05-04
3cdfb0b20d7df4fafb8306203459b4bc,Produkt,Redaktionelt indhold / holdning,2025-05-14
5469793ef2178893320b025aec95559b,Tid,Ikke tid,2025-10-14
165f56b5135a0282a1e37ae63be6482c,Andet,RVS,2026-03-04
0ea4d91c13fb3fb49113cdd91a8e9971,Produkt,Redaktionelt indhold / holdning,2025-05-20
1520c6ce0859197137f8c2ba4e316b33,Tid,Ikke tid,2025-12-03
e4049089a6293865bd0718a74b7e9059,Økonomi,Pris,2026-01-02
e458dfd14161ec17d6a1ad39fa0ac2ed,Andet,kunden ønsker ikke at oplyse,2025-06-20
46458fa96e84938d9c665cfc72fbb2a9,Tid,Ikke tid,2025-11-04
43dea564b7e1ee3780f2b2542dcb7b4f,Tid,Ikke tid,2025-12-08
05c2f3b93f4573cd4b34db7362893c04,Andet,Ingen årsag – ingen tlf kontakt,2025-05-04
9073c03faa8f90ddb8049b4c2f95897e,Andet,Ingen årsag – ingen tlf kontakt,2025-05-05
8b716e11d42ed2e3a0ab16af04e27afd,Andet,Ingen årsag – ingen tlf kontakt,2025-03-19
e4d9cab3486eec07a0601a5874711d9e,Produkt,Redaktionelt indhold / holdning,2025-05-22
ed29887940286545ed9f378597b0384b,Andet,kunden ønsker ikke at oplyse,2025-09-05
6badcc2cd2b644e876ce5b50ee71795b,Produkt,Redaktionelt indhold / holdning,2025-05-08
4b533526985480b9c90d72288ab55c41,Tid,Ikke tid,2025-05-10
e02076a514c52dda3fa98d8902d143b2,Tid,Ikke tid,2025-05-09
20adbd6ec48679dcfd474611a0f20d50,Tid,Ikke tid,2025-05-14
e621bdc702c49df6d1efd04402068bb2,Tid,Ikke tid,2025-05-07
0c102fba45b6df93b843ac40049572a3,Økonomi,Pris,2025-12-09
6018d711be0ab2c0b733e52453da95a3,Andet,Ingen årsag – ingen tlf kontakt,2025-07-13
43ba9a358443177344257f5384a36a98,Andet,Administrativt,2025-05-22
b0d02cff781d2563577737273ac018a2,Andet,kunden ønsker ikke at oplyse,2025-05-20
d11308b020d39d9cf932704c9298d801,Tid,Ikke tid,2025-07-04
835d69dda5ba5d750f73a0b5b854568d,Andet,RVS,2025-06-10
08b9d113ffba7015141bba88f1c6da2a,Økonomi,Pris,2025-05-20
63129f2085412836335e4d26ddaa6ef5,Andet,Ingen årsag – ingen tlf kontakt,2025-07-04
060f3e9968b2c7d8b13699b9e53a6dd0,Produkt,Redaktionelt indhold / holdning,2025-06-11
51b37621d2635b5c55727b61b04c6918,Produkt,Redaktionelt indhold / holdning,2025-05-16
5204d369fbf62355800d2e3b5ce6baa9,Produkt,Redaktionelt indhold / holdning,2025-05-10
e26dba81c57ccba42137cb465b43af51,Andet,Ingen årsag – ingen tlf kontakt,2025-05-16
c058e1c1ddfad648ceb7f6487f0bd683,Tid,Ikke tid,2025-09-03
e71fdb8bf1e3c655c1e640416b18cd8f,Tid,Ikke tid,2025-05-10
72d1e04b4efb1a26e958273f601ecbd6,Tid,Ikke tid,2025-05-21
1d3e35103dcea06aac11a372e471059d,Andet,kunden ønsker ikke at oplyse,2025-05-11
1376c4d7ef2a80b1377f57594742b5d4,Andet,kunden ønsker ikke at oplyse,2025-05-09
c98ca624535336c5a0b8cb324f657306,Salg,Annulleret køb,2025-03-26
3b58e4de14144a7cb62e612b74d08254,Salg,Annulleret køb,2025-05-21
5413da057f4a21a8b46e27f3d78b7596,Andet,kunden ønsker ikke at oplyse,2025-05-10
0fbf18c8102a33efcce853cb88f22501,Tid,Ikke tid,2025-05-20
76668bebf380d4c6e8b3583902d82b9c,Andet,Ingen årsag – ingen tlf kontakt,2025-05-20
ea5669d516d6701f7b7605ce36cc5040,Produkt,Redaktionelt indhold / holdning,2025-10-03
cc8295dd665a1de96fe1d20e1bcc6831,Tid,Ikke tid,2025-05-08
e74766560c425319ebe0a349475a35fc,Tid,Ikke tid,2025-05-17
01f145c2d4f98ff3b0ce3f731c3e5078,Tid,Ikke tid,2025-05-11
f3d6b6e45d2ac55eaaf67b8141daeaf1,Andet,kunden ønsker ikke at oplyse,2025-05-07
84a0ea3fbb01645645ab3c637f704838,Andet,RVS,2025-09-20
25c128e7f3e0a75ddd14b5784c100e1e,Økonomi,Ændring af vilkår,2025-05-06
4fe29025af23e314347100a5147fea0a,Produkt,Redaktionelt indhold / holdning,2025-05-10
e7b7e0997cfb6da158631fb040cc14a4,Tid,Ikke tid,2025-05-11
163cd6267e1d757e6daf66d9dafec0f4,Tid,Ikke tid,2025-06-04
5c270fa319642d25ce2f6304b565c516,Tid,Ikke tid,2025-11-15
270b83e04ecc73760c6f4c5f678bae8a,Salg,Annulleret køb,2025-05-07
e9664780fe3b0e119802e4dd1a3f0274,Produkt,Redaktionelt indhold / holdning,2025-05-21
3e167e82f647e5db6f095c4aa5abb931,Økonomi,Pris,2026-01-06
c9e12beabccbe760eb991404a1a6d8a8,Tid,Ikke tid,2025-06-11
b83f2517fe31511f1844600382c10fff,Andet,Ingen årsag – ingen tlf kontakt,2025-06-14
096d4a4ba51e44809eb9d5cc24ce2dac,Andet,RVS,2025-10-29
0e652b27d3a34ff8cbc25c43226e2e2f,Andet,Ingen årsag – ingen tlf kontakt,2025-05-02
e207fd8a3e5150a304ec1379e8e41c3d,Tid,Ikke tid,2025-06-19
9d1a5d63801ca793f8043793666f99c0,Økonomi,Pris,2025-12-06
041d717ed0a2660383069b4382a5f868,Tid,Ikke tid,2025-07-20
9f47afc2999ee1b2c0a09fdf248c8dff,Produkt,Bestemt indhold,2025-05-14
c7ef3e47dc93abd7cd51c53cf2afc104,Tid,Ikke tid,2025-06-19
e46b8fb17a46068b69be35a78b643528,Økonomi,Pris,2025-05-12
7c785ece8394ba7a24f9f8b674730925,Andet,kunden ønsker ikke at oplyse,2025-10-07
163f7c2ca0876b8cf46074f96e0f6b66,Digitalt,Oprettet med forkert e-mail,2025-11-09
c7942fc44892805619480b10b00a1c97,Andet,kunden ønsker ikke at oplyse,2025-12-04
451d2956462e734e2086bd99e0d51b2c,Produkt,Redaktionelt indhold / holdning,2025-06-04
17020af801c477dfdca0e0e5632cab42,Andet,kunden ønsker ikke at oplyse,2025-11-05
c2f05fb7a4757702550100feac09b80f,Tid,Ikke tid,2025-11-09
484b1afd306927be4210bae26a48d4f4,Andet,RVS,2025-07-20
84f6698b842c9fafd5b8729c2ceea216,Økonomi,Pris,2025-05-07
333be8d71beacb6ec8d9caf47393d755,Tid,Ikke tid,2025-05-09
0f624e1da2a58718e4a3ab95c6c6add2,Produkt,Redaktionelt indhold / holdning,2025-06-16
b9fcb0eed6c3143d5102e67740a162f5,Andet,kunden ønsker ikke at oplyse,2025-11-03
59ae565e5018e86e8a80ed789f3b6450,Tid,Ikke tid,2025-05-16
91da1e0cb5dca0f1aa2018f7cd3c4508,Digitalt,Tekniske problemer (kunde),2025-05-20
f7c658d9da4d4f824a47efac0722d303,Andet,Ingen årsag – ingen tlf kontakt,2025-05-22
a569d2248b9913b7e918dfc1f172760c,Tid,Ikke tid,2025-05-20
bf5844c314a6cbd3e5d74142a2f254bc,Andet,kunden ønsker ikke at oplyse,2025-05-17
7eb3412b5a29ae007e0264755a7aeae5,Andet,kunden ønsker ikke at oplyse,2025-05-20
6739966e381899913b6e47129d7677b9,Tid,Ikke tid,2026-02-23
b369776f5a7d9687ff77d6c0613dbc17,Andet,kunden ønsker ikke at oplyse,2025-05-10
c5f4da1e31e7a8497ac488f4b068d9ca,Produkt,Redaktionelt indhold / holdning,2025-09-06
a512d5a0ca762d99340e57b85e78705e,Andet,kunden ønsker ikke at oplyse,2025-05-22
3dbf7ab21815a2df892c2ae6b4b0dd7e,Tid,Ikke tid,2025-06-03
15cc75ac84f115080edd9ff1ccf67fa0,Økonomi,Pris,2025-08-03
8f024d44baff2d628ed87ca219f535df,Tid,Ikke tid,2025-11-18
a08e7f89635b14ed4cb87d21d13b6ed2,Andet,kunden ønsker ikke at oplyse,2025-05-09
13158da72ff4bb01d6a27d7c284cde2b,Tid,Ikke tid,2025-09-15
47fe9178a7b10ed88cb364259c7eea75,Tid,Ikke tid,2025-08-20
d7b8fd9ea68936826991511041434b9c,Andet,kunden ønsker ikke at oplyse,2026-04-29
0a615aeb6124d44c0cadd477b8a8fe60,Økonomi,Pris,2025-12-17
de0e0931dcdd0be80e52b85aaa0efab5,Andet,kunden ønsker ikke at oplyse,2026-01-04
148f59f26319a0da968ce134584c8a6f,Andet,kunden ønsker ikke at oplyse,2025-05-20
99acdcbfb31d153ddb16ad098baa3c2f,Produkt,Anden avis/produkt,2025-05-04
02cd8b6609ea3b7598578bb5ff28a659,Tid,Ikke tid,2025-05-15
a27140357601e9c28ca749163db1ea4f,Andet,Ingen årsag – ingen tlf kontakt,2025-05-20
dcba10179c7398d65b5bfd8ee4889d8d,Produkt,Redaktionelt indhold / holdning,2025-05-20
e9153be9eb990a05b8b703b1b434a985,Tid,Ikke tid,2025-07-03
240ce5d130fcc7f11abd19606854fc60,Produkt,Redaktionelt indhold / holdning,2025-06-20
10a0ed175bf7ebdb21f21e266673a8be,Tid,Ikke tid,2025-05-06
6cf4559158ca6f6a6ca07cfc319774a3,Produkt,Redaktionelt indhold / holdning,2025-12-20
6c710b9263533c42dfaa2082413210c3,Tid,Ikke tid,2025-07-06
d3e856f907af085350d630bbc69958cf,Tid,Ikke tid,2026-04-09
f900fad4ac42e8268816ff7a5971bdde,Tid,Ikke tid,2025-10-12
9d2df2c58fea60728d388cf14990a8c2,Andet,kunden ønsker ikke at oplyse,2025-05-20
54dabd914db3590d25b816c39fd862b5,Tid,Ikke tid,2025-05-03
b23d91918f36a511ee6bb142a6980359,Økonomi,Pris,2025-05-05
ea2c555ab41e83356e30f8f0c7e3e6af,Økonomi,Pris,2025-11-10
2a0fd6364ffb8b6e44ac73c1772ed2f6,Tid,Ikke tid,2025-06-10
51a9cdc3a3de7855a8957c15513ffe2c,Tid,Ikke tid,2025-06-09
b3e85bb67a9d20a7e111a08ba1bd2132,Økonomi,Pris,2025-05-08
0fbed2f662485e3c919df188dc2c71a6,Andet,Ingen årsag – ingen tlf kontakt,2025-07-10
85bfda24811f12ef9db73027d7d0ba48,Produkt,Redaktionelt indhold / holdning,2025-05-15
f77682c46f0052360c03f5b4970a2b94,Andet,kunden ønsker ikke at oplyse,2025-05-14
2f8965398cbe981cccc83d6f81509fec,Tid,Ikke tid,2025-08-07
7b5d631f99704537c85aa26c4f9ad079,Andet,kunden ønsker ikke at oplyse,2025-05-04
8c63bc6f82daa6485b044ed69e133b19,Produkt,Anden avis/produkt,2025-05-22
c87f05ad95f5f762ee2991ac45685fac,Tid,Ikke tid,2025-05-09
12a5df4e0b0d389fa3fc25e3d558f6ff,Produkt,Redaktionelt indhold / holdning,2025-05-13
1ed3f61c5909740c55d6917e4d127a39,Økonomi,Pris,2026-02-03
9907abce208587f376f3d01a7639787b,Produkt,Anden avis/produkt,2025-05-17
b95b90c1f13dcb4d0701fa10d0274e7a,Tid,Ikke tid,2025-05-16
dc7631bbc9551b36ee5bda5de1c132d6,Produkt,Anden avis/produkt,2025-05-10
ac379f976af179c7f900b2b9f118c123,Tid,Ikke tid,2025-06-21
62a132e8a5279a11a7f4c84a775369c4,Andet,Administrativt,2025-07-07
62a132e8a5279a11a7f4c84a775369c4,Andet,kunden ønsker ikke at oplyse,2025-07-07
181239c484f5899e65888a9bd671527d,Økonomi,Pris,2025-06-15
5cefcaad01e8ec72faac4537f2ea715b,Andet,kunden ønsker ikke at oplyse,2025-05-23
cf69da92adfa9b7918789261eb805ecc,Tid,Ikke tid,2025-10-03
e392a511d6c7bafcc5599c1917eb33f2,Økonomi,Pris,2025-05-22
da62f8551246a22ec01f2082ec6d51d8,Produkt,Anden avis/produkt,2025-07-10
b2a735ace0cd594f47ca9b0b2746514a,Tid,Ikke tid,2025-07-06
b57e84e749107c4ff8a270681f26455f,Tid,Sæsonpause,2025-06-24
261b2aa96e257baca502e9274d1f6737,Tid,Ikke tid,2026-02-05
f3c4fc320372b73ee410c2c9d92dee75,Tid,Ikke tid,2025-06-11
e1efb0bf97224357c9014734fbff2cc3,Økonomi,Pris,2025-05-21
883b095032e3de2ea29c0f37082e116f,Tid,Ikke tid,2026-02-20
3779c328bc5efb7d0f9f77bc895122e4,Produkt,Redaktionelt indhold / holdning,2025-05-03
c806f370485dca6c667bf0c1000c949e,Tid,Ikke tid,2025-11-21
660fab39539b87b268e59b0d5cc6be74,Økonomi,Pris,2025-05-28
dcd9d5af27530c8a408dc9233552e69b,Tid,Ikke tid,2025-08-05
55b8677472e9d4c765d3c22623dc6f60,Produkt,Redaktionelt indhold / holdning,2025-07-04
a127622a8e755cdd518273575edae201,Produkt,Redaktionelt indhold / holdning,2025-05-20
801d790c22ef7395c6be6038b42df1d4,Andet,kunden ønsker ikke at oplyse,2025-05-19
2aae4b96432d2c3c3f05cb5db8e7635c,Andet,Ingen årsag – ingen tlf kontakt,2025-05-20
9bfae9e41939127da82276d8e0c6a15b,Andet,kunden ønsker ikke at oplyse,2025-05-10
29127e2a7ed2ad5ae7a0b90963270788,Tid,Ikke tid,2025-06-20
e623f27be79cacb492037e987b93e622,Produkt,Anden avis/produkt,2026-01-04
95558b3372f189aac34ee20d87310feb,Tid,Ikke tid,2025-08-31
62883bbbeff3352d2f591e24ca154bed,Andet,kunden ønsker ikke at oplyse,2025-05-09
b05464e0ee4bf859a46eb460baa70052,Andet,kunden ønsker ikke at oplyse,2025-05-20
4b95adccb4398fefc81398af8a257a45,Økonomi,Pris,2025-05-14
0746ad045757e1004e04d9316b9cae64,Andet,kunden ønsker ikke at oplyse,2025-11-15
b2ae7dec25805c7059ea2c7ffd5f54d7,Tid,Ikke tid,2025-07-07
73fb96dd564367a986cc5673b33a2bdf,Tid,Ikke tid,2025-05-10
3828bc6e3a5fdfa667cb87eb2a13abf3,Produkt,Redaktionelt indhold / holdning,2025-06-04
f944be29c5c1e04626d86a1df02749b0,Andet,kunden ønsker ikke at oplyse,2025-06-04
f4f21a6db6bb6eb98f66aeddf3e6c3ea,Tid,Ikke tid,2025-05-03
bdce72baf8cf46c35e50c27d2034f70f,Tid,Ikke tid,2025-12-19
b5f151e31b3d179a9c490cd57f107e71,Tid,Ikke tid,2025-06-06
d2bedcbfe15ea77c13a13272be47abcc,Tid,Ikke tid,2026-01-04
2e608971ff7c2bb1638c925e543726a2,Økonomi,Pris,2025-05-05
06beef4376b2852a011aa0359e4dcbf2,Tid,Ikke tid,2025-06-15
a5c0e0274f29cd61224a91e4a8a28cfb,Andet,kunden ønsker ikke at oplyse,2025-05-19
f9f741851c7ff91176b0b5fa4d36f930,Andet,kunden ønsker ikke at oplyse,2025-05-19
76d0bcb275d7f3d64117922ad29d083d,Andet,kunden ønsker ikke at oplyse,2025-05-18
fb399d68e1c8af128a388d804d698c5a,Produkt,Redaktionelt indhold / holdning,2025-11-12
d5daaf6281239bd2246032f0911b8c17,Andet,Administrativt,2026-01-22
761a5e89492caa461532ba1975d62d5f,Digitalt,Oprettet med forkert e-mail,2025-05-22
b2babd7ae29af17bed1ffbf045307d07,Økonomi,Pris,2026-01-03
254f38248eea896ec7084daa2f6602aa,Produkt,Redaktionelt indhold / holdning,2025-05-18
95a2228013a28207e917ce359ee6a7ef,Produkt,Redaktionelt indhold / holdning,2025-08-20
788607b17ee04f19865a51f8543acb9b,Tid,Ikke tid,2025-05-17
8d905c53b4f60e9724904c8f4a3ba95a,Økonomi,Pris,2025-05-18
a05360ee0a103a32fdd271bf4b976650,Andet,Ingen årsag – ingen tlf kontakt,2025-05-11
461307f36c29f9ea9cb676528540a5c6,Tid,Ikke tid,2025-05-04
a849d9488b9cdf59051a61d3ef094af8,Andet,RVS,2025-11-08
ee5275a035955fff643c908c7d2b3e40,Tid,Ikke tid,2025-07-20
f79e1675b854d18f6f0c9a76d7941b3f,Andet,kunden ønsker ikke at oplyse,2025-05-05
2f204aeb120fdc22e3d9f8bee4374b0b,Tid,Ikke tid,2025-05-09
be8d832d2157226c66399338080ccc47,Økonomi,Pris,2025-06-22
a2e729827f0e72005698a0ba1313aae1,Tid,Ikke tid,2025-06-10
14a7b456c6f672b6bf51838adcad474c,Tid,Ikke tid,2025-09-02
c4b4438193127c3eb6ee62ffd82b6283,Tid,Ikke tid,2025-05-12
3486d8fbc710dec226242a9372c7a6b6,Andet,Administrativt,2025-03-23
6da9c812091932fced96420eab2919f7,Tid,Ikke tid,2025-12-13
3ab2a27e0f8fb6cf68d6d0229504b5aa,Produkt,Anden avis/produkt,2025-06-03
cd228c9e541eb4614990045843f581f2,Produkt,Anden avis/produkt,2025-05-14
0b65e3d1e1771fad90f13172a6b4f90a,Økonomi,Pris,2025-08-04
403adce9ceebe9bf502807ff561d4336,Andet,kunden ønsker ikke at oplyse,2025-05-06
be465621bdb0c21f03d0394cd0d5bf0f,Andet,kunden ønsker ikke at oplyse,2025-09-12
f54455c4d82be9b4fbdb4d969a1d9727,Andet,kunden ønsker ikke at oplyse,2025-05-04
2f2789bce65dd9b3344478bdce2342e6,Andet,Ingen årsag – ingen tlf kontakt,2025-06-19
4db8972108485debeb090c70a547d7c1,Økonomi,Pris,2025-05-23
6419c6782d3fc968cf4d6be103be44e4,Produkt,Redaktionelt indhold / holdning,2025-05-04
db8f2d60080013f7b31d64968f8b0b77,Andet,kunden ønsker ikke at oplyse,2025-05-14
ad56104de30f4dea6c7a65ca88a9a9fe,Tid,Ikke tid,2025-06-04
86bada2394a6cbe10af2ec8e80297326,Produkt,Anden avis/produkt,2025-05-20
ea4ea6b03e035ecb4d9a557e6f4c6a2b,Andet,RVS,2025-11-09
a3967b887bfb0e30a6521b40211e059a,Økonomi,Pris,2025-05-15
26055449e1b6f5750213a8cd2f9c1590,Produkt,Redaktionelt indhold / holdning,2025-09-17
228e171206fad2c38a76aae4211549ec,Andet,RVS,2025-09-06
a1ab031d1263dbcbc2c4f235f3564423,Andet,kunden ønsker ikke at oplyse,2025-05-20
761f1df8f468f1bb378e9d72cbe382e5,Tid,Ikke tid,2025-05-07
5c9960179eb77654c0eb0c510067473f,Økonomi,Pris,2025-11-08
1dd4f4d36646ef3d7c101e7ed530f181,Tid,Ikke tid,2025-07-04
4ea4d4140d6bc0163121bb62be46c93e,Andet,kunden ønsker ikke at oplyse,2025-07-19
b8c3036ba42840d7329dd6108f71577c,Tid,Ikke tid,2025-11-15
9ee60c297a751b20d595266bd388215c,Produkt,Redaktionelt indhold / holdning,2025-06-18
