Dim1,Dim2,cluster
-0.056941374349348796,-0.08516974449685706,1
0.047966183518135704,-0.02638452198645162,1
0.1308078924911223,0.06245716421886738,2
-0.08807423097052779,0.2003641486742629,3
-0.0927731225366504,-0.00290262097557133,1
0.16435585176542664,-0.04606784989464565,2
-0.07025248877467477,-0.08153043153922115,4
-0.14089189617956202,0.15269674000342792,3
0.059633299038457585,-0.03191600062577124,2
-0.05006510824682378,-0.12817216246468324,4
-0.07189538083397685,0.02246665306730215,4
-0.06484930942919546,-0.04458886338884097,4
0.17034440353170988,-0.10343631092774003,2
0.012713584323081844,-0.04052393873268717,1
-0.04332540980249833,-0.11893326742644754,4
0.006283140965883859,-0.03315010345603467,1
0.027647809700901603,0.12130604808927553,3
-0.04715954516553212,0.025885220616528044,3
-0.06956024179433855,0.06817929775177566,4
0.06537287119693085,0.04465644428032169,1
-0.0593730255827255,0.1101466809557761,3
-0.07858181138761552,-0.03038505568318264,4
-0.08279771923804365,0.028319909592523004,4
-0.07011685596645582,0.073647574287136,4
-0.06626717638727245,-0.04336841466074478,4
0.08728496847355927,-0.05257284931659528,1
0.09366062541004996,-0.14537188673960844,1
-0.09889120637969266,0.14596117598534866,3
-0.09518206099882875,-0.019202630582478158,3
-0.12119173738631085,0.06617238721752514,3
-0.11754621042898783,0.10681154748282044,3
-0.013569500449307596,-0.010367452791900359,1
-0.061976247533483325,-0.05656610008617773,4
-0.11197561571858351,0.12879047227044452,3
0.07775126942262743,-0.04163430902976577,1
-0.07690525361954742,-0.04957373393429813,4
0.13308778160468035,-0.09785625393726166,2
0.041053698003160256,0.05557548438239583,1
-0.06805899700045225,0.12180776365223535,3
0.04463780579417738,-0.03650491863747125,4
-0.07215100436167984,-0.07892177962411423,4
0.0752754704482055,-0.05867493374927381,2
-0.10221059789343782,0.16805927098132956,3
-0.07155787299247063,-0.05027922152850321,1
-0.03989510014490742,-0.18405443678857727,4
0.10209954224495367,0.11494081261899289,2
0.058952310579856726,-0.07610465498302277,4
0.03620575541183778,-0.06650674351812973,1
-0.0662737547954301,-0.04917429442248943,4
0.04722820702178639,-0.11244572825914416,1
-0.10341971840410648,0.08362638904276905,3
-0.05986296271240691,-0.07247626090315742,4
-0.08359719823781665,0.0982348616284527,3
-0.05062585231804176,-0.04142494132062781,4
0.02110795496783634,-0.011840162181355675,1
0.1516703110594392,-1.9385807990177648e-4,2
-0.0765667125041843,0.10938480745400435,3
-0.09018603044182968,0.06994940006234746,3
-0.08475558103032414,-0.07394201554051447,4
0.043117791803029173,-0.14030146095085136,1
-0.1260815770223517,0.14226573214922383,3
0.04196292560749493,-0.022712901683353312,1
0.07121084844775999,-0.015739660585727722,1
0.16052388775911755,-0.04232809112301187,2
-0.056291770840615124,-0.16649872647642253,4
-0.06373261596455969,0.11008033058756186,3
0.018524302025382064,0.10401697903111273,1
0.0577303050450494,-0.001544647426029451,3
-0.11540981302659382,0.14544831548663772,3
-0.10598104142565055,0.05602635785812979,4
0.013671013675461335,0.0030303080269246377,1
0.05301433115266056,-0.02439939401022239,1
0.07597705330527042,-0.052029996550583026,2
-0.07974672105415394,0.016943932451092197,4
0.04949627871845007,-0.06714601923900695,1
-0.08497406479361659,0.05321117597692042,3
-0.06995984816601142,0.04419678376674069,4
0.08357455569875692,-0.07782533628895959,2
-0.04266284030549193,-0.08037340324293098,4
-0.06812077595446461,-0.1727786456991204,4
0.0022035037584361944,0.006722022768649006,1
-0.08156026237855467,-0.006104277283817031,4
0.058240645431647205,0.08272540052549539,1
0.07633154376036819,0.06580665525291207,2
0.018815291028633926,0.03807621309756381,1
-0.1127752106274295,0.02814351670560778,3
-0.07491898560808029,-0.009347004527115099,4
-0.1243954037706868,0.07128203983775823,3
-0.07377895016592272,0.014589446285881533,4
0.018935998414193564,-0.004328240361691045,4
0.15470061587200168,-0.044622056425845165,2
0.027494612893308363,0.09692052882112864,1
0.18379101966936304,-0.13927343944869855,2
-0.11639731693934395,0.02187289023723731,4
0.07164445507131685,0.12967725871879046,2
-0.09007822221070312,-0.032468775154020926,3
0.018559104874237897,-0.020888257854093477,4
0.18943941575588266,-0.06812976742245469,2
-0.04241388500937934,-0.04066321450214532,4
0.14204442233958836,0.1451531934302214,2
0.14277248412617694,0.0012108568068586033,2
-0.08263272684935453,-0.05373327424520395,4
0.10266339163945024,-0.021027776327529175,1
0.1381466175193041,0.021035645545420496,2
-0.07400741388075004,-0.015934655587353692,4
-0.07708857188243345,0.010557438599512858,4
-0.10499766423425186,-0.03927486164099549,3
0.08478193898475293,-0.022431750043102446,1
-0.10325729839754164,0.07823961134735995,3
-0.08653243320415292,0.03964847552461746,4
-0.07330003019636525,-0.014684482582811308,4
-0.06507036165067275,-0.13302348845557452,4
-0.08415713193680105,-0.0777125978979352,4
-0.12333309127123501,0.20816113733553948,3
-0.07827780997793671,-0.037133647816500755,1
0.07844212542352376,-0.051381439136845904,1
-0.07183780165942898,-0.07407007958071352,4
-0.08949975336067457,-0.016406733420186635,4
-0.05050730762773675,-0.11117613756329446,4
-0.08731976141926279,-0.06979219661632288,4
0.07792709748111878,0.07842603650419891,1
-0.05293821553856042,-0.07050983862529384,4
0.08777431099002948,-0.07103212692847878,1
-0.0726705394770987,-0.04093174527794437,3
0.05768126444365664,0.018916914377450012,2
0.1261559173417387,0.20328185774011714,2
-0.0857390168503555,-0.056308368239417456,4
0.10579931774093294,-0.06801938445246587,2
0.05206757520882704,0.022883021570193052,2
0.056503527861067666,-0.06326675940474107,4
0.10732325005423272,-0.02360540538007195,1
-0.06679986772550485,0.03324674971818216,3
-0.0709635881036574,-0.054652249600057025,4
0.061888226138677886,0.008117384304339366,2
0.12657065383706334,0.04877207599932449,2
-0.07562796157302566,-0.09214149841865356,4
0.14293823017518476,0.14755631293002575,2
0.02490873101147438,-0.06952451663441458,4
-0.08075466234096836,-0.012730785060047259,4
0.13292532298826737,0.19954478445008073,2
-8.274190952047334e-4,-0.05534353842061511,1
0.07089020385084865,0.04667398464729437,2
-0.042369671700490254,-0.05297867165622695,4
-0.036884653376588104,-0.07325556321089144,4
-0.10190414707617258,0.059497966664790236,4
-0.07932907116650856,0.06769858279155255,3
0.058836680113293176,-0.025113328016609593,1
-0.06988463903518839,-0.056704410057578876,4
0.01271719781863718,0.01526637051264865,1
-0.07839491864045459,-0.043945026815295475,4
-0.07868856033977553,0.04950535976735939,3
0.03445537002545756,0.11767115947896149,4
-0.03906801085591749,-0.09432485328999934,4
-0.06290959373457795,-0.0918155718422524,4
0.08142404595937033,0.16145727341539373,2
0.05344162047107352,0.051013930599178935,1
-0.0825627785327696,-0.048863123174372844,4
0.14742939199529595,0.27091937019377793,2
-0.05840144460721525,-0.1531768366585301,4
-0.09642460467040796,0.09689781196073359,3
-0.08427831095938841,-0.08563288490070368,4
0.010022586742193557,-0.027409276697481402,1
-0.04832611506962681,-0.1650081596892205,4
-0.09647723011660841,0.14449787192510943,3
-0.09194459323387413,0.03585616208459646,3
0.07453621667183906,-0.07740865542479419,2
0.028380814685856515,0.03309545925070269,1
0.03923101832036375,-0.07801336847168153,1
-0.07433213880790805,-0.06876163891802356,4
-0.07798570241128647,-0.08444572855720159,4
0.13918208315355407,0.11155011416158528,2
0.04786682999414282,-0.08622055068242546,4
-0.03683073380778563,-0.0975072104202418,4
0.0509423858103298,0.2040484184887721,1
0.05891884177397538,0.07236586799071237,1
-0.08548645027622313,-0.017901224841952033,4
0.042872937227843154,0.06991937130850741,1
0.07630914529390645,0.20973007567405327,2
-0.11507785062828525,0.008815681239428599,4
-0.08591098270449374,0.07185816105080291,1
0.06039649182265114,0.011571511009500504,1
-0.12824844157311605,0.19120666883197343,3
-0.05200316790999124,0.03511649440958206,4
-0.07145593620193626,6.235610513099941e-4,4
-0.12088310805744532,0.0959363182536902,3
0.10617201944654565,-0.07735851463659303,2
-0.08438013942025752,0.037391482115860714,4
0.12493235878426229,-0.07207770905588712,2
-0.05636091801330206,-0.09252240408517437,4
-0.09208717975517966,0.09545373364567337,3
0.023443495514318666,0.09262044924612649,1
-0.06089236070008037,-0.05360195181145145,4
0.17842917303003042,-0.05767214835376155,2
0.040106819278903826,-0.08677898876662941,1
-0.08116771476903016,-0.06841197279954764,4
0.11221910509385243,-0.19281243288289363,1
0.13657510746420293,0.07532283963502982,2
0.030416605129028586,-0.08790982814716605,1
0.15731737879918384,0.102134162222488,2
-0.10095056583316958,0.012073602613373478,4
0.06778529292859659,-0.04687464260798299,2
-0.10246927515056715,0.014400853371116832,4
-0.04153367852641297,-0.07340505304620874,4
-0.12143950115417966,0.013930489310972854,3
0.0370066890389541,-0.06803732852555762,2
0.13800227371922397,0.11259500457783764,2
-0.07113660895169943,0.07911273983697033,3
0.06611028990215281,-0.05421404670201907,4
-0.08212637822843245,-0.09156055148089681,4
-0.004204557166422499,0.16197853057028974,1
-0.050020688493202875,-0.11636420222167979,4
-0.08920265956203911,-0.0729597045533408,4
-0.10121012496175602,0.03946653480140456,3
0.1185749476109008,0.11279502741158838,2
-0.10328741513403483,-0.014316913389707253,4
0.07538868037167176,-0.04298132378103009,1
0.16101047162324955,-0.050683003270235207,2
-0.09493312645920399,0.06843290548105602,4
0.1373681102626102,0.16709405416450274,2
0.046809690736847015,0.016439428778498664,1
0.01741650469228861,0.06500918488977539,1
0.05893129148537046,-0.008354597525441241,4
0.05441956842373298,-0.0036438131837424666,1
-0.11791683041843033,0.10271245226219973,3
-0.014912080746259859,-0.006607422821123984,4
0.11199517223513464,-0.0880869125470117,1
0.09409215474241824,-0.09267587987815974,1
-0.06006041447563898,-0.020286621926404683,3
0.0637635218074376,0.0822908163764979,2
0.03135834857638162,-0.032748837729575146,1
-0.04167620607055733,-0.058464934706657486,4
0.11977624212806923,0.02925615689714002,2
0.030899002385702038,-0.0982259948580439,1
-0.06588785079083169,-0.07612345710860578,4
-0.04957753682614235,-0.057590426586646946,3
-0.06245074660639399,-0.05285005131426728,1
-0.10434027225795184,0.0787534255267595,4
0.12120469860548673,0.2001263087062549,2
-0.05982922282568048,0.03140641668457473,3
0.14226351667981976,-0.06538136560613056,2
-0.06253730652108554,-0.06521435236431455,4
-0.040770996481900225,-0.05388607534489275,4
-0.035347741021092734,-0.041283382657948925,4
-0.0675516084133858,0.0681238346620359,3
-0.07262513424819728,0.024166400475658656,3
-0.063753783893599425,-0.11977217045907902,4
0.09471012844430182,0.06448424716065718,2
0.08044837843850408,0.0267836743626681,2
-0.011491879836586692,0.17336519612889456,1
0.020542506050823837,-0.0703395090902216,1
-0.10168752771877546,0.11716860684114228,3
-0.07145261405916739,0.06276840690015513,4
-0.05526013286553074,-0.10830531733192805,4
-0.07017696537084374,-0.1521419945984775,4
0.08666245792142029,0.11120633471565179,1
-0.05946871862046577,-0.09090117727388429,4
0.055933852550387464,-0.010320989165540431,2
0.04386160382838521,-5.176183974951311e-4,1
0.09341131242134207,-0.14420407792369472,1
-0.07889632688680445,-0.03524834195616039,4
-0.08510625300105491,-0.04804320303723084,3
-0.07998481525712496,0.10225608415108102,3
-0.08895230975213322,0.01528754926249862,4
0.057997109439899934,-0.08290212941063826,1
0.12294229157433224,-0.04248931325387194,2
-0.12975954437952514,0.1318099576942521,3
-0.11226715183917131,0.09695540019973602,3
0.14778690848798828,0.18776693044961473,2
0.029129344913388058,0.0448423261176339,1
-0.11578404132069357,0.05753625134830487,4
0.02730732495701076,-0.0800086529039484,1
-0.03252642621185353,-0.08201889066416237,4
-0.09279122773669739,0.05787560186743663,3
0.13879861528658058,0.039100310358744776,2
0.014938249618997219,-0.03131490272571955,4
-0.04506299136967316,-0.10905946619966274,4
0.029228599964106844,-0.010086382481333084,4
-0.003304670871389021,-0.04908703780457017,1
0.012332553120739427,0.08303003659802638,1
-0.07554858590033689,-0.05266537097473199,4
-0.059410556635055234,-0.07253708075010208,4
-0.08881146353655116,0.05273935144816178,3
0.006505565734065264,-0.07897041052733098,1
-0.052234006802496055,-0.0635490904123771,4
0.13608317850858195,0.16110239724176537,2
0.13552663103818435,0.18660271922815946,2
-0.06836548314882925,0.06488710960579479,3
-0.12620610479664057,0.11958735345904398,3
0.07883126084455894,-0.042531496150806994,1
-0.056663663131094784,-0.054642106480649884,4
-0.09868766501369397,-0.0012526357122755966,4
-0.061049000962991554,-0.10720729762973631,4
-0.001980038964662033,-0.061464729628795886,1
-0.06280627470332956,-0.11495270922526139,4
-0.06063944291279142,-0.04487584741515517,1
-0.10185399239111373,0.019179294534094508,3
-0.10862821958514521,0.005071516647611999,4
0.03817531735974217,-0.07437641242049234,1
-0.07823213155523624,0.07753002998035358,3
0.013081642673774218,0.023941110939825833,1
-0.09831154617500339,-0.02529697484961924,4
0.0372912790963323,-0.0701241546007511,1
-0.07195208435155497,0.12438471617218116,3
-0.0013733127923388733,-0.04435726467715054,1
0.1378569291406391,-0.0582358383862083,2
0.05051534177519758,-0.014057377899230773,4
-0.0896185486484158,0.006782781264109689,4
-0.07414087108833993,0.03120903002886547,4
0.058706113536599734,-0.0657346959964469,2
-0.051319115463765684,-0.037347837162877595,3
-0.07914117085576809,-0.04888873322335373,4
0.018658016511300626,-0.006654754614587501,1
0.14766823885175007,0.20829190638962505,2
0.05064122921515616,-0.10787575198840045,1
-0.10427918096233744,0.1043873948614209,3
-0.04335877259915188,-0.12723992685200441,4
-0.08527042207067297,0.01087147642736316,4
0.08911007672114797,0.02686608018821601,1
0.14269164089015507,0.24712678838835372,2
-0.1203832305726091,0.12225666549161249,3
0.1617479214507217,0.08106155901111999,2
0.13972671316070445,-0.05269398876693359,2
-0.05247269343040556,-0.014085743845125374,4
0.0831922725582382,0.04504437613739769,2
0.16930513795934118,-0.11626789733111963,2
-0.0021718383090096475,0.0333760353107874,1
0.1493120902074412,0.16808555463324532,2
-0.06062429094132634,-0.09210330179675386,4
0.0838802178885027,0.08935456052673742,1
-0.0971766515767787,0.06776906809272083,3
0.030726793295590683,0.022408973135072847,1
-0.08853594839441364,0.0030018674067949654,4
-0.09070519401411037,-0.03126650380242682,4
0.14590785611154813,-0.036600757184802636,2
0.003080194933757148,0.02025328450977906,1
0.07864462503171843,0.0154279594126817,1
0.13676994450141794,0.026338662921473983,2
-0.06624225592233465,-0.05732659781715068,4
0.049780770988569194,0.09745878377066217,1
0.021911561472367443,-0.1823623880325512,1
-0.08022508204761106,-0.05495055670235343,4
-0.07530615792167435,0.05273517201293441,3
-0.09432598258273198,0.06048319385858552,3
-0.06847167633358067,0.0657347153833561,3
-0.047689433226623154,-0.0997670010692239,4
-0.12291288438765031,-0.02415929309301047,4
0.18709096869231945,-0.14593378436727883,2
-0.0557378405466657,-0.017780325379771738,3
-0.059406347025331076,0.0034716874938921487,3
0.0148735464113915,0.01898888799606165,1
0.013253637562522845,0.24668365974354278,2
0.04814683181635254,-0.0012135705054668957,2
0.1353463782959805,-0.011744888500477548,2
-0.061082262585788624,-0.07135457319344031,4
-0.09261433075065847,0.003983507717967662,4
0.04213481630549023,-0.09174114884020633,1
0.044213161632522494,0.042693377548703566,1
-0.0054659561433878625,0.07962584251533078,1
0.046000905248643635,-0.009253982295987232,2
-0.09895382589012554,-0.029182831195876356,4
-0.06590573751835264,-0.1733008806207692,4
0.05704737565964478,-0.044878926837846764,2
0.07826658473299436,0.0916082008068921,1
-0.06386772235513315,-0.023774933953799527,4
0.17644111237920065,-0.04961429687111996,2
-0.06021689236951854,-0.09224818935081638,4
-0.06509502290231774,-0.014130469258215832,4
-0.04319117656274741,-0.08834620121817845,4
0.16279464936048083,-0.024595396276122592,2
0.05986127404660213,0.096530147068974545,1
0.08605075300898528,0.011959725804762192,4
-0.0840373110628262,-0.0066579482883877125,3
-0.05986350769950317,-0.028201221593780725,4
0.03244454143901415,-0.10526095938295894,1
-0.08929998168146372,0.15824035159331423,3
-0.05572000038891516,-0.1494624845604349,4
-0.05462588295871833,0.017191390155631314,3
0.1542018922205381,-0.022299025881990352,2
-0.08398254448343627,-0.01453836121852219,4
-0.09557531599872389,0.09012051712696693,3
-0.06600929668378377,-0.07704384681869048,4
-0.0877754877317029,-0.056150990334682904,4
0.04121987530408513,-0.07902649968500608,1
-0.07569849576245541,0.053988289129468195,3
0.1654554629270066,0.005307361845318647,2
0.015483428385182029,0.05883078573438447,1
-0.13844117170818823,0.2153753093737751,3
-0.08349911519202798,-0.04204657371243735,4
0.09271791312930151,-0.09817053511554519,1
-0.06097530666430965,0.07848717345845456,4
0.150319465910026,0.025162438414328397,2
0.03674032925471052,-0.0792662640415634,1
-0.055781214719088444,-0.026302707418394203,4
-0.09062520593455924,0.09236298500064127,3
0.006626898225793078,-0.01785043127607568,1
-0.059387574969662536,-0.12920980842074398,4
-0.07136548403982156,-0.07065083190329192,4
0.08560966349540657,0.01808863883452777,2
-0.026075664346191806,0.149714457546457,1
-0.10267126786848742,0.07516386622743394,3
0.1258592450066161,0.14282366904122495,2
0.1298024396051793,-0.058879121416728485,2
0.1383071516338193,0.11728286985707134,2
0.036233990844921675,-0.07527231491925322,1
-0.0697093116263367,-0.011953030195678591,3
0.11746662466017468,-0.010308599977166856,2
-0.04786807727950896,-0.03476329353925904,4
0.045060391194019854,-0.1494120461769687,1
-0.0841728129820843,0.12465083417172157,3
0.0428286642721753,0.10324231262378752,1
-0.08220887489471732,-0.06329913157534207,4
-0.046462126558043826,-0.0710643196897158,4
-0.09653562899012103,0.042925312592626136,3
0.0493495679139943,0.0022207597320236653,4
-0.1302180995743105,0.13740327610623437,3
-0.0519561229635515,-0.004501167627373805,4
-0.07013591843863935,-0.04810028434577282,4
0.16466356039054955,-0.04213351110166581,2
0.03853816530923581,0.03187744609774038,1
0.03831972758152618,-0.08599066915751673,1
-0.07555831619614396,-0.13588784346298322,4
-0.06392583633164421,0.018822558429519708,1
0.11253651578667624,0.02014187782981494,2
-0.04496001004202757,-0.06319189122589257,4
0.1441827606783879,-0.08074520166373196,2
0.1455603748506115,0.035830054507082855,2
0.08794634316742354,-0.04203044322484714,2
-5.283277410425843e-4,0.02622721780736894,1
-0.03129828352514507,0.18041838032001897,1
0.11814734858965222,-0.06999330640211027,2
-0.0680766378375489,-0.05751432993453197,4
0.08230237248761395,-0.007995529635824037,1
0.022849638266706645,-0.044919006013493204,1
-0.08237113073042789,0.027327652780201894,4
-0.06597361028975463,-0.09780891741630217,4
-0.03741041634383432,-0.04674849112699687,4
-0.058479696290637186,-0.04786357976582638,4
0.13664643527655906,0.20039439060478834,2
-0.07478755622797746,0.04732130021870289,3
-0.0843658346666477,0.06882662291874865,3
-0.06264635374108467,-0.05516603352262757,3
0.06324270725862971,-0.007452783163739325,1
-0.09387714516517222,0.10071559748839416,3
-0.13131431081532452,0.08323416325921365,4
0.011839507690691217,-0.047268919749556416,1
0.14243434182318027,0.04004817462373238,2
0.06722068036470646,0.014808573873191044,1
0.150621341872662,0.10232396380495572,2
0.13894998138795903,0.0864812478404153,2
-0.12777844773571642,0.09514687595079638,3
0.07881850709496664,0.022992829255567355,2
-0.05801421059813801,-0.040940489823111506,3
0.09272020882467265,-0.07207816865446563,1
-0.0687835294188584,0.005872886300604808,4
0.06738683445359105,0.05158499064959679,1
-0.08193221133450676,-0.05399014488725217,4
-7.47429967603369e-4,0.004071963673586341,1
0.1652226693975084,-0.06573251894002359,2
0.035841093063816214,-0.12648364967973744,1
0.0013032375475997091,-0.046666993760801696,1
-0.1404368690131172,0.16345800898139493,3
-0.11909019557191702,0.047067667176148714,1
-0.006959333037820614,-0.02491341476635066,1
-0.10535173949572225,-0.018636418790707477,4
0.16922744181163482,-0.07039503725741897,2
0.13203271836983974,-0.08178846112335947,2
0.13883451036995845,9.075599354642027e-4,2
-0.07528704774883249,0.0805618738024306,3
0.0779617162721487,0.04030461206240474,1
-0.05400188036054813,-0.07145563043058935,4
-0.07437708791789363,0.03257982834318755,3
0.01386038953253704,0.043916019457910974,1
0.05170169312285616,0.034722838324304214,2
-0.10172930900155666,-0.03699799362526236,4
-0.0899604553224716,-0.030230205670174388,3
-0.09118677621461783,-0.015421608249635734,4
-0.048350120223414485,0.008028840993891144,4
0.099852548486361,-0.11793189533509131,1
-0.044306745851497575,-0.10505027439644757,4
0.07386811127601373,-0.0875102831732989,1
-0.05027887599665626,-0.1084833066940771,4
-0.08414633147794086,0.010226977038554009,4
-0.07890844286001127,-0.046903528848887634,4
-0.07642987177569217,-0.08797717229725092,4
-0.08543205203598761,-0.021195536680153566,4
0.05357719622946725,-0.10921519005626623,1
-0.05907701585756498,-0.07672658831803864,4
-0.06013107044333656,-0.05686745887276859,4
0.04973852932460316,-0.0979356511562996,1
0.019834834826258703,-0.05324153576394023,1
0.10930257371314549,0.14866856358901925,2
0.10123652030955956,-0.10268304589724042,1
0.07739700279683433,0.0845492483734476,1
-0.04522785797743168,-0.051614144603366,4
-0.006271431797011358,0.008631088178191033,1
-0.10309424764060494,0.03687889674092621,3
0.1225484005755389,-0.005840917897483299,2
-0.10764282702123022,0.1877997988581272,3
0.16962978773594672,-0.06221877307594327,2
0.07230355944132752,0.04989434514887325,1
0.02023552710983544,-0.025505083572730267,1
-0.042498330697877666,-0.040278984619475745,4
0.1321754832148594,0.17748233450887807,2
0.10476475591862253,-0.06017305097157026,4
0.06581911526682327,-0.022883863522224584,2
-0.0770575939998079,0.013176891378380443,4
-0.06083562266665753,-0.11514291771878998,4
-0.09410507262248863,0.19075019741428428,3
0.15461788059430476,0.16079687151986705,2
-0.06486906795836415,-0.07154742992129823,4
0.012475923936383243,-0.05015594210772829,1
-0.05198399942071307,0.015616373868830155,3
-0.05964166355197783,-0.0034053092909600677,3
-0.0679879379839519,-0.07504162386815401,4
-0.07823526335835035,0.011685389776319267,4
0.09523101561284562,-0.11108030275625809,1
0.031190616399535336,0.020409810405285052,1
-0.059769547193639624,-0.003066857752741517,3
-0.006154693689639488,0.020409328196299092,1
0.056645935322689044,0.03977722824486553,1
-0.06689979407562288,0.042189591594657946,3
-0.06749617766426785,0.08887267570888324,3
0.14065514624724676,-0.020522266995860374,2
0.1461125944828029,0.044408806957109345,2
0.12097389761450505,-0.058351623510760044,2
0.08054747300670542,0.17693636452009617,2
0.012502002700408505,-0.024424129383450587,1
0.142709390428806,0.2265152338043137,2
-0.0817939961058962,-0.08620187880437745,4
-0.08863786745157723,-0.057154837361360254,4
0.051609800396394574,-0.0769436735128119,4
0.02792754940555452,0.02337568398904302,1
-0.06459995798124292,-0.06738159434833112,4
-0.003658852306007514,-0.017595872973089597,1
0.16040219910464834,0.005692296867214477,2
-0.12693921571772257,0.1438756793495323,3
-0.06834005750168737,0.1373674154887492,3
0.14449119828107593,0.124925405979819,2
-0.038943313458598444,-0.11481492020572961,4
-0.06460038862857091,0.008090578374356065,4
-0.043832894258255505,0.006811663427697042,3
-0.055223240561613984,-0.012091525906425262,4
0.05463547499059086,0.06767427698090082,2
0.030636081196520434,-0.03471025381820548,4
0.012017521597757135,0.04494691250389822,1
0.0758742447719607,-0.023917418382759653,2
0.1257386134498086,-0.025159411739468403,2
-0.09374285183830224,-0.05285066712149187,4
0.15193204277259598,-0.04361844560086283,2
0.15956051692534431,0.10689469941156335,2
0.08221692990909227,-0.0726014120850264,2
0.10797638828053999,0.03377952331936415,1
-0.09131250504182034,-0.04580231106733535,4
-0.0638587599513758,-0.06891941050743947,4
-0.11953851331329328,0.16287892336991278,3
0.04783784752342719,-0.023050136264974718,1
0.1297434757351701,0.04031814074313473,2
-0.0875420638402745,0.08483292894826926,3
0.13225603169161726,-0.10400255012223161,2
-0.09729359587512489,-0.012576782376482715,4
0.1482673087388943,0.00936340083112971,2
0.04397145749880294,0.08024323329068093,1
-0.11490796415535205,0.10535506325021161,3
-0.11765511542193657,0.040482931662644425,3
0.11753080320207612,0.005381861859476165,2
-0.09637504435716696,0.03449503113185486,4
-0.08522537695040379,-0.08331220699486129,4
-0.06700737300238581,0.034199854675831816,4
0.07178002343156996,0.045398027356288104,1
-0.07139144471655838,0.03746779168627686,3
0.09741969826279524,0.08179483709760157,1
-0.07883530235901733,0.08518225846589485,3
-0.09365437374975732,0.08321932448614548,3
0.06731917196901094,-0.07037748264496574,1
-0.09715994025640103,-0.017181656500256017,4
-0.07909969867081224,0.08341772833650542,3
-0.047868415433218785,-0.01857727495630373,4
0.016495619749424144,0.057315028838440515,1
0.003262753970199419,0.04273361251696778,2
0.07017463867680554,0.1367769187321033,1
-0.08533567783424452,-0.019320129346781092,4
0.053212735802009574,0.0851015482272598,1
0.034794193762760356,0.0078104500986377525,2
-0.07015310058035394,-0.04551668516553273,4
0.1240695218322195,-0.03574419824222104,2
0.01594015871992316,0.06714245041969612,1
0.04717643513788047,-0.01547121825431841,1
0.039771954160495095,-0.05431898244927053,1
0.11493742901716567,-0.08254735798687875,2
-0.07187505729096828,-0.014147616627601337,4
-0.07774192582392363,-0.033460976554037444,4
0.030115260459627743,0.04372044506743151,1
-0.06126982950259205,-0.05623063121388891,4
0.04035129238256923,-0.028204774204488484,1
-0.008317368787727708,0.0017986022078642513,1
0.03796976513540472,0.012049388677939393,1
-0.06085506862786216,0.0336693546405139,3
-0.10577015175592938,0.008022249547502096,3
-0.0787379149645455,0.0018068352896350047,3
0.0051591522035728775,0.024658069831575476,1
-0.05118745308711898,-0.14651151805816146,4
-0.068320185316887,-0.05229323868663964,4
0.08496370362286415,-0.06836928218321418,1
-0.055541570481877335,-0.010113743800232378,4
-0.07591274591611748,-0.01934463807258209,4
0.02621565027764069,0.15833541547380295,1
0.08535842512531105,-0.00969594035140092,1
0.048097181778054984,-0.11743242204575811,1
0.07487249121472654,0.006154727908581621,2
0.0850871125343887,-0.040473680304579776,2
0.14383921604946842,0.1488910759333799,2
0.028620322613471604,-0.08343081294968681,1
-0.09246934242533368,0.03266574213751853,3
-0.04668497652286853,-0.11941019545280648,4
-0.09110683288790337,0.07293840581132513,3
-0.07160299769786829,-0.010166850583365269,4
-0.08784487266119227,-0.016508846876681065,4
-0.10632557425865344,0.09117472697833504,3
0.1656355396651411,0.1579178061161139,2
0.15946997077607566,-0.09649729819432204,2
-0.08796845954768298,-0.024860026389421752,4
-0.10005142127793809,0.1026631758906787,3
0.12931945280569465,0.04805516195694605,2
0.07298247536725264,-0.026542114212806583,4
0.013199210354249605,-0.035740171737853176,1
-0.07135144153270956,-0.04835701423013273,4
-0.06718542609391819,0.05427610236053249,3
0.10108744962350981,-0.041211515358194,4
-0.11446254194915217,-0.013938817163825999,4
-0.05014418088565246,-0.062214574081298345,3
-0.0746313528233823,-0.13929933906889824,4
0.21756943854417268,-0.09515963235602341,2
-0.11912052852404346,0.02511235894330367,4
-0.042823249985315434,-0.11351087508261185,4
0.12472433945235824,0.21428983306361912,2
0.16949154962967272,-0.021162574727610184,2
0.12893610112568762,-0.029746197014771793,2
-0.0499884954640238,-0.06644048108381781,4
-0.11466528928703508,-0.024544388572155632,4
-0.10104457842024249,0.06350122374610385,3
-0.08110008618858897,0.08146325545150218,3
0.14525972511965285,0.13309497182336838,2
0.05336620328542045,-0.012140216431616821,1
-0.058351020943916775,-0.09602380430271754,4
-0.06174335289273851,-0.12080378728324331,4
-0.11255965712034319,-0.02082186631602745,4
-0.12370900527290475,0.10633114555156466,3
-0.0978384647447429,0.10928567157785093,3
-0.09995985513550265,0.03654024151756215,3
0.13269282507984076,0.011590366278085637,2
-0.08093964390843716,-0.08875457782954882,4
0.05543498705530801,0.04637694408097716,1
0.10743611276074723,-0.04854589019410779,2
-0.09229729182494902,0.027453419501750505,4
-0.07334612705792258,-0.07374738960527434,4
-0.09485741331617877,0.11187494168747594,3
0.13579405593965194,-0.08097069408137784,2
-0.03660863736622695,0.10345875233563823,3
-0.0607797459523496,-0.06853519465603566,4
0.0216501326761504,0.02061739062011046,1
-0.052315095328493245,0.026908208739507576,3
0.03462875724703286,-0.06301505052240879,1
0.06349021558394374,0.040786391342880576,1
-0.046943320234324175,-0.0948999391295446,4
0.10081061309484503,-0.05554951684866759,4
0.1577466558687154,-0.044745814710571014,2
0.008625398670804344,-1.8104781206601368e-4,4
-0.09408621611986667,-0.00768553020486783,4
-0.04533170241988516,0.017886377871475477,4
0.04073023567866171,-0.13180017600496174,1
0.04984352714761908,-0.06677247714875333,1
-0.09505615895940071,0.09380186028677896,3
-0.08476741167874698,-0.03955895886462644,4
-0.0738665890432681,-0.04251532181572746,4
-0.084729919767508,-0.047422002272197554,4
-0.07908554608777847,-0.08399163253539106,4
0.14029447172426618,0.10007079988893203,2
-0.007300213618368882,-0.01775665864709825,1
0.11831478093897249,0.03472764192789888,2
0.1465216635055761,0.24844096316528808,2
0.059409244384230966,0.12078805924612647,1
0.12268600293792174,-0.049403146390139575,2
0.06262904558083843,-0.010517372152776237,2
0.05599054578797398,0.059159609744720364,1
-0.13235198169434115,0.20261940985479038,3
-0.0817032873473592,-0.11220525652383045,4
0.17162619266437645,-0.062054993803963614,2
-0.06330213075286927,-0.07282504014955608,4
-0.11026591042924783,0.04416891279582057,4
0.059457878614870105,0.06902255435088783,1
-0.0757285812801535,0.02361116840089149,4
0.08154184072648361,-0.04692970443483733,4
0.023801220506214592,-0.06018490860114615,1
-0.10722379426632991,0.08042173809245232,3
0.031666507311512763,-0.05159036297549964,1
0.02206305612149773,-0.026519995561198034,1
-0.08015044207262616,-0.030683893020597836,4
0.05863158849370943,0.1226601144103144,1
-0.054661960379507296,-0.2149425934326927,4
0.06764152763908043,0.009050598277729652,1
0.1565677360599652,-0.07578921628380376,2
-0.10174743397842427,-0.011938232543853818,4
-0.04758027630173464,-0.06688200963584488,1
-0.09182417167577185,0.05998415061612705,3
-0.10149991920921855,0.1301707548695753,3
-0.11294181274599929,0.05116120174898865,4
-0.0055019193630919064,0.018079447333519086,1
-0.016207236581409157,-0.038641592937909364,4
-0.07290072674165639,-0.06631180698225687,4
0.10690279774389728,0.03317603154771711,2
-0.06018950791517008,0.028319584773790034,3
-0.08514620829088079,0.1063447147785668,3
0.07803581876379233,0.07220354548192494,2
-0.07779146764252566,0.03169099345694852,3
-0.06114907643943453,0.0481530963017569,3
-0.03895172071392049,-0.12013746826560988,4
-0.0669122043946509,-0.07144817711994733,4
-0.06799976649723717,-0.14265325179232557,4
0.015374097259787016,0.10152286801330955,1
0.12057728538380691,0.0391117166078627,2
0.06688361405574236,-0.11879649847262873,1
-0.10143018148423162,0.0170256244277725,3
0.14478682784098754,0.030488556856223335,2
0.15045984096405984,0.09535726306668157,2
-0.08352604864928208,-0.05026721077175888,3
0.03696976963611848,-0.11758270199874246,1
-0.058656796184243076,-0.0504806686921605,4
-0.09060153564698746,-0.03942272962967361,4
0.2146983407393794,-0.12463692619374996,2
-0.06352522154770877,-0.014056848343554586,4
0.12129768412257524,0.07108814094205895,2
0.17149742669781126,0.016022273602022866,2
-0.09805879528750049,-0.08974996037802331,4
-0.0823220283626642,0.0536294681787307,3
-0.07725584415361196,-0.03958679571897182,3
0.13179955506707158,0.1633079897435487,2
-0.07962621825599614,-0.008461966838720641,3
0.14110379262296027,0.060764223691034916,2
0.054957586669160535,0.02848721170769477,1
0.21213209076097858,-0.09743971018617377,2
0.004912424282065961,-0.05563090606461792,1
-0.11959125573952059,0.11195221371145703,4
-0.03589590497807998,-0.04792473066052973,4
-0.06917120194972562,-0.01191289873016898,3
0.08116753800251177,0.0859464495705525,1
-0.09383231419938241,0.10683985704350332,3
0.06698501746657441,-0.09693497894268178,4
0.1567280626196382,-0.001064685315036179,2
-0.11386649658521177,0.0344745328113083,3
-0.06486326744153911,-0.1950853125152625,4
0.06905023447058782,-0.06427719776761628,2
0.13045992083230684,0.09028866452189586,2
0.00783355326149966,-0.015140512371267144,1
-0.08250030837478643,-0.02299653937938522,4
0.0436674844676227,0.19731055002521272,2
0.1703060676556669,-0.11200447487646537,2
-0.0631433972131227,-0.1186374603425767,4
0.001766511660515761,0.1409493663892412,1
-0.054900965190631305,-0.02760215650148509,4
-0.1390065786326134,0.23450520998197422,3
-0.06905584677330634,-0.040586309746996285,4
-0.04908579705028249,-0.11100509440930396,4
-0.059504873433182344,-0.07282492064832971,4
-0.08032782463107017,0.08595561356791591,3
0.0842822784448642,-0.01983265714798491,1
0.00840411537097148,-0.07406318958115823,1
0.05713541838018461,0.0552915909430766,3
0.005350610719718011,0.11699252713342617,1
0.0709151674608944,0.029683345180456584,1
0.062421026931918276,-0.10832495935367005,1
-0.0757125334884814,-0.05631872740605783,4
0.04775739438910888,-0.06255796157426197,1
0.14081395262218008,0.04682895061003794,2
-0.06716088206593693,-1.1504608150853267e-4,3
-0.08826139318595286,-0.034690880533567336,4
0.09138826692894,-2.87251888440429e-4,2
-0.060979620569549996,-0.03660438896048682,4
-0.0459078758389693,-0.10504463171695498,4
-0.06322578080217332,-0.11372916283951215,4
0.11303668903760733,-0.05405979641568081,2
0.14439484997635293,0.21878025144483026,2
0.06054222563530796,0.09634058561527682,1
0.017297138823083622,0.022871145047795846,4
0.030141488667241506,0.03539283045931278,1
-0.06518039557149481,-0.03147197381444442,4
0.04249885534681721,0.027864896947818293,1
-0.08758026374817231,-0.005332655607933363,4
0.03056885370862087,-0.04049995760794944,1
0.135885216483518,0.24731632468524753,2
0.030641266648706922,-0.04114716932974734,1
0.08114359965613092,0.029876042179794438,2
-0.10362966046408804,-0.022526988759033934,4
-0.08085479114283085,-0.10334080514884748,4
-0.09068451755442575,-0.013576892892700069,4
0.048991057987702556,0.011158889577506256,2
-0.10991107910349303,0.007988167967031869,4
0.0569974242058259,-0.08327006615039496,1
0.12940173684626743,-0.013366301647811803,2
0.043872571536175985,-0.039199037300674505,2
-0.03399054809273172,-0.10606515156242131,4
-0.08384973681389649,-0.05245489705176845,4
-0.1025718111593057,0.004808922239708435,3
0.20433801544454766,-0.11140611937334764,2
-0.06869200570238,0.08257095350906403,3
0.06243480660864952,0.01849776939945467,4
-0.07888761337966362,-0.01088891527806846,4
0.14358839331398146,-0.12659371249759171,2
0.1172426884492817,0.08670724803309104,2
0.027770565241465234,-0.05757333889591094,1
0.16821985025905462,-0.10420810213069094,2
-0.04007944327972508,-0.03762571728594929,4
0.16016242151366863,-0.04829090515670697,2
-0.046662349001193364,0.01919300997118815,4
0.08996232451315042,0.02617795054234288,4
0.14474323457764193,0.1347022919430315,2
-0.08768818505816357,-0.0011605998173058849,3
0.13167519463677407,0.04468425200201591,1
0.13412623445468685,0.08094349726560218,2
0.18870523175060488,-0.07972710164123285,2
0.08450551767413812,-0.11982224048810872,1
-0.0699967229818047,-0.009956859726780412,4
0.013252685727578808,0.06894112819241976,3
-0.09164170784408039,-0.042003708333968034,4
0.03452139575912998,-0.10764130402499557,1
-0.08462470415646564,0.10227010215777177,3
-0.04566629980952762,-0.09676292646583483,4
-0.10967686313296478,0.1037421812183533,3
0.03773608724192757,-0.06124894333974661,4
-0.050559325454339596,-0.09564911200685777,4
-0.07919124155294227,0.022276084963086994,4
-0.11122721688384306,0.04434056701815511,3
-0.0495637596491732,-0.09880434224346475,4
-0.029597990355006296,-0.09207079085285755,4
-0.10970428124417783,-0.04123592476111901,4
0.053427202040788144,-0.14632575611649237,1
-0.055865132751811694,0.028137894300900718,3
0.05618947046243779,-0.03544170330941756,2
0.14166605692231876,0.011221981864252087,2
-0.051456775051420815,-0.11812707466783402,4
0.04853718447548243,-0.06563842911739041,1
2.135912588494983e-4,-0.03964118955202217,1
0.04621098370169499,0.059054809921952875,4
0.07807662815292553,0.04921839621847236,2
0.09652376655234696,-0.014923592625185137,4
0.12938244910881658,0.13934137419683992,2
-0.10909598968254212,0.010356835824670606,3
0.04974351047552881,-0.06668457872397707,1
0.15889370150499624,0.023808733635492203,2
0.07357258809017493,0.06196109826100905,2
0.0998958181159504,-0.04220331057773643,2
-0.07396132996095851,0.0619445980202512,3
-0.05626845524495806,0.0037098837135339817,4
0.08173321579908323,0.12297298933579721,2
0.07403661195308156,-0.02086922072570773,2
0.09503777281300738,-0.04064772745129753,1
-0.08085205803568062,0.030361957849491902,4
-0.06062254678302191,-0.05075912397512637,4
0.14664063766648683,0.055546906757031986,2
-0.08915006219281449,0.09532496400682954,3
0.017410435123494168,0.03218336533997512,1
-0.11854975308011716,0.11094201565486114,3
0.12346685363500301,0.14149689409717903,2
0.1362827282243386,0.03610310874785412,2
-0.01913255380267685,0.17370718542893293,1
0.06091990030227496,-0.09711744068619367,1
-0.09035696220251055,0.05054462976970478,4
-0.08494776608656708,-0.11792578439964818,4
0.16818154316314665,-0.05597085889814043,2
-0.08126530981441238,0.1619894845008711,3
-0.05339922660064597,-0.03689666198165834,4
0.13258681135848469,0.03540791110699766,2
0.10591739825282137,-0.069635152746248,4
-0.04534942657114031,-0.06141390768451693,4
0.06610289386204055,0.04868670634349505,1
-0.09017930565713518,0.07878218135535021,3
-0.04649044747305443,-0.043981512300696954,4
0.047014080869078365,-0.09093653155460912,1
0.009258898345967779,0.08649176119301849,2
0.14288692241277637,-0.027340068476861622,2
0.07550904583013525,-0.08728979808203564,1
-0.11470511890492315,-0.01866632123557025,4
0.03824308506905647,0.0015808931199228732,1
-0.07609228064517605,0.0320339088334544,3
0.07556546941032997,-0.09950928115863968,2
0.1524514601486495,0.01719063564176396,2
-0.08823786482985992,0.0798268451370597,4
-0.0774757614605227,-0.10520980296275619,4
-0.05698397685978999,-0.12108351969549458,4
-0.06529527630760408,-0.07364664614844928,4
0.1424499049159185,-0.02673581286800592,2
0.033616217444489845,-0.09844600129201019,1
0.07837794655145061,0.05711994218144643,1
0.10582131369734667,-0.1289663866536688,1
-0.06006821431932919,0.044383827088223145,4
0.02141501519614905,-0.07605311730979505,1
0.13084147691487755,-0.011664885682374651,2
0.07721089932631979,-0.022640488601720174,4
0.015251887930406376,-0.11313120827310587,1
-0.036616042073081924,-0.03309264477057071,3
-0.10431073220420485,-0.08945606716175598,4
0.17511524276164867,0.033214383764425606,2
-0.06482339985427354,-0.002616881939368428,4
0.086357813811144,0.06317467011910133,1
0.13425082374642577,0.10401791649905391,2
0.047956211809128256,4.833339830919274e-4,2
-0.0022521801373548644,0.1238621916765888,1
0.04707382805672345,-0.019705512424494323,2
0.03737389476830195,-0.023325037962178927,2
-0.0399942997026146,-0.044426485621561276,3
-0.03444303528343934,-0.07676602138570973,4
-0.08639948210656555,-0.12100085080500676,4
-0.03892053324406687,-0.013360351043017863,3
-0.06081348701103796,-0.04603273042823451,3
0.06820341760278913,0.0732290226229488,1
-0.09802866717962555,0.10236639195963336,3
-0.09111483460644763,0.09705522832518138,3
-0.07312810266360234,-0.08226205679005695,3
0.0817650558559674,0.027902217401114062,1
0.04893720705718276,-0.11309689898352533,1
0.06892096869782094,-0.045114319839126095,2
-0.10036946211292162,0.008829652816227527,4
-0.08356657750084419,-0.046142810118436434,4
-0.07126875142599899,-0.09298195141953455,4
-0.05311400360471847,-0.02032430913936891,3
-0.056021963299274606,0.08614097024119056,3
-0.08211654229471158,0.047945967238021955,4
0.02509070652591175,0.06762327811686424,3
-0.05757930635490733,-0.05258437073441805,4
0.14941653322014412,-0.02641240670187689,2
0.1431560996477573,0.07983354899879352,2
-0.047155326689162405,-0.07612037676403184,4
-0.050641520626188326,-0.018931451014025012,4
-0.05537280867687207,-0.10218288015416889,4
-0.0935590666878323,-0.057309779429139854,4
0.10696315809778165,0.13154581591032238,2
-0.08276545501433588,-0.0014274791039592862,3
-0.10376407159450812,0.013005995345585242,3
-0.09617438585905012,-0.01386312623871697,4
-0.08540394441522156,0.11223271886476162,3
-0.0771986627188197,0.009509001494855816,3
0.03397705287754654,0.10029442787560135,1
-0.11396524621614915,0.07191791942578998,3
-0.08269446901731803,-0.08154301318361334,4
-0.0954072584397841,0.02497629439964716,3
-0.06872619069323573,0.059871688603350626,3
-0.0725728688320934,-0.06189941344160118,4
0.13962734755191014,-0.02799265153734561,2
0.16031997201582368,-0.04965757251243323,2
0.047457434172326445,-0.03555985065184666,2
-0.08033997334053196,-0.050229571364599615,4
-0.07160816944311656,0.008298944278916219,3
-0.07696141446769005,-0.06677043148055435,4
-0.092524812558109,-0.08728711978960609,4
0.025751632601716132,0.09786608638196521,1
0.05307868060176373,-0.016202429177801462,4
-0.11777043325721592,0.17837296698880692,3
0.042756211035369085,0.05049235831212745,1
-0.0029274735715028337,-0.04030250275592998,1
0.0054723998145781725,-0.07750631844312916,1
0.05795216294998223,0.01530602199300565,2
-0.07407588674265533,0.12664704094144588,3
0.038362532890980246,-0.08117048538613107,1
0.173051276345718,-0.06844553020577017,2
0.14291332083800326,0.06188541290474887,2
0.0403142023519665,2.717410401805261e-4,4
-0.08519359061083165,0.11172943574254685,3
0.18423830208504513,-0.0024820128881535334,2
0.02764218224518981,-0.085389907319982,1
-0.06095352436805064,0.017967712658121412,4
-0.11974294248404417,0.07449572376724367,3
0.0561912517598494,-0.08128696724593464,1
0.17011215826348286,-0.06732303025588068,2
-0.11412605376188205,-0.031026764009505173,4
-0.1357012766832082,0.19243465940056514,3
0.07636335333974845,0.1361368955788682,1
-0.04952295509864922,-0.0967417607652684,4
0.036774397866132895,0.017325049538048302,1
0.03954743156455699,0.04395517928580746,1
-0.04504428934152717,-0.05239474230407644,4
0.09227990813400372,-0.07742001254420727,1
-0.0748033366575211,0.0634310859113192,4
0.030820746759884984,0.001378711766572896,1
-0.10428142970975433,0.0033589051208208188,4
-0.04169083354497639,-0.08504547820943141,4
0.028725136295028736,0.066426632710070585,1
0.05579440156648936,-0.003331449729563628,1
0.028045278268960885,-0.043807444996153605,1
-0.11286265582274985,0.15152964065062352,3
-0.058650380022052966,-0.05736826673511557,4
-0.109400841394207,0.1180765216069612,3
-0.07311573874188633,0.092686899914431,3
-0.07438602055093797,-0.0749240587291211,4
-0.054119288821583934,-0.05402667399781416,4
-0.03235088948017096,-0.0881571627054342,4
0.14231730228610676,0.10527157872222223,2
0.013990728863805124,-0.022694796794793432,4
0.07341776211187286,-0.12234277131494346,4
