"pseudo_id","churn_probability","predicted_class"
"0117ef4e2fc98208852da4c90c5bd4f0",0.0988057032227516,"Yes"
"014a894f1b5194be36a9abcba96789ed",0.00958479195833206,"No"
"0181daedf475221291df382a21589255",0.0043604439124465,"No"
"060f3e9968b2c7d8b13699b9e53a6dd0",0.0321850776672363,"No"
"087ebc5dd84a5a63f00974b2dc26c2a8",0.0804300531744957,"No"
"088f15f5143f6bdf5f317f30bcafe199",0.0153380809351802,"No"
"0a615aeb6124d44c0cadd477b8a8fe60",0.00865026097744703,"No"
"0c3972534a7b5ce5f4f13538ca93fc7f",0.0952762588858604,"Yes"
"0d56571f7f84ac94a9f2040df12af2f3",0.910639882087708,"Yes"
"0e8de2444b618b91a174a5834a364882",0.414840281009674,"Yes"
"0f592466c4350d7c74a006ccecc0b725",0.0122236851602793,"No"
"0f59e0f1a302ad61479cae13dc65d210",0.0509152114391327,"No"
"0f624e1da2a58718e4a3ab95c6c6add2",0.813222646713257,"Yes"
"1270765e2f706706f11feb985c9b970d",0.00634196773171425,"No"
"139bd0cbde638e16224d7fbe2941b901",0.00479876808822155,"No"
"14a7b456c6f672b6bf51838adcad474c",0.0570617876946926,"No"
"14ae5fda85c636519e6bfc6886270325",0.065147876739502,"No"
"14df285cfbc6233b5735b67454fafc5b",0.0074572367593646,"No"
"15502cb0020afc4c01801b63cc753d1d",0.0358469113707542,"No"
"1a348c61676869859747445d2860057c",0.00334782269783318,"No"
"1af06db48739c4e618bb73c2cdd09ece",0.0181715413928032,"No"
"1dd10be27abc5ad145852d8b3ac41bc5",0.077512301504612,"No"
"1dd4f4d36646ef3d7c101e7ed530f181",0.0102446172386408,"No"
"1e3ddb49a606da0cf5714df48c2bdb08",0.0473283641040325,"No"
"1e95a880364e96dcbdcc9b0db8a55105",0.0563603714108467,"No"
"1f40062eef627b0d45826b92c4ae56ff",0.211059391498566,"Yes"
"21238e1c78588bea853c315d46f5dc29",0.0901605263352394,"Yes"
"212576b9422b677f9ab77323ac2e636f",0.00442657247185707,"No"
"2386a3f4ebca1a9b86919c3d8991680e",0.0284042228013277,"No"
"2479bc006451d269366c9b3bb82f658d",0.173829987645149,"Yes"
"24959324ee77a3fdbce301c7192bc3f7",0.0258497148752213,"No"
"26055449e1b6f5750213a8cd2f9c1590",0.0288210213184357,"No"
"2bd2e95a4d3311df6323da35a365ab0d",0.00533136818557978,"No"
"2caad3152a29bb4d0357884c66aea564",0.110663868486881,"Yes"
"2da5fc5a7ab09c95c652562f4681bd29",0.00378452078439295,"No"
"32752ac08b09a3190d1691e16508a2b6",0.0392161421477795,"No"
"385ea711433779ec568022849ce6eaeb",0.116247817873955,"Yes"
"3879b6e1d91fcbf0f18122529184e756",0.00896001327782869,"No"
"3ea2aa0aabcff460c0b99278add14b33",0.0337007641792297,"No"
"3f267ca819325c1fe782457dac5089e1",0.0813739076256752,"Yes"
"406b6ee23e0a40ec6148b584acbdb5e5",0.0179979242384434,"No"
"4181e0591321ea5735b2d671d59a2d15",0.625591278076172,"Yes"
"4262ff5f39aee5987c964b9d43dd7ddf",0.0492030717432499,"No"
"436d7b85a02448ee668f7f4460713825",0.00882397405803204,"No"
"43dff6a4be89d5565f9054a4448a135d",0.00596312340348959,"No"
"4686224ab47a1fa67c2bccdf7e3de540",0.5484619140625,"Yes"
"47fe9178a7b10ed88cb364259c7eea75",0.0138333020731807,"No"
"484b1afd306927be4210bae26a48d4f4",0.0563219226896763,"No"
"4ac661c7491b55a4984174f89fdaaa83",0.0855904519557953,"Yes"
"4bbbdf245a468adee474222404ee0688",0.0173696000128984,"No"
"4d75437cf49e25b7d8a5efede69397d1",0.00974438712000847,"No"
"4ea4d4140d6bc0163121bb62be46c93e",0.00301279313862324,"No"
"4f0216152b13956cbaefc4bb07342174",0.296696424484253,"Yes"
"51a9cdc3a3de7855a8957c15513ffe2c",0.797789454460144,"Yes"
"56d0f1684db83e82bdad0992cf7ae4b2",0.0112260207533836,"No"
"5a4d1ca42f1bd06fc54e2ea79fc8403a",0.06112414970994,"No"
"5adf38fc641a3afcbc69132ee9239cea",0.00207291985861957,"No"
"5bf87d92442082440339d43d7996e983",0.180171355605125,"Yes"
"5c270fa319642d25ce2f6304b565c516",0.0114867696538568,"No"
"5c9960179eb77654c0eb0c510067473f",0.00290051428601146,"No"
"5cb4f8c2df453d9310e8c8c833143e08",0.0072129936888814,"No"
"5ea4810c62cf7dbc3a3248e7387fe84b",0.00235602213069797,"No"
"6091f63e9313dc3e4146be31e293f445",0.0501254014670849,"No"
"617cf8c6d46a29f75c51b93c0fc42ef6",0.0227402839809656,"No"
"62a132e8a5279a11a7f4c84a775369c4",0.0853466838598251,"Yes"
"669659f0772f96da0bac4f84b1ff696d",0.0299729574471712,"No"
"66c688595e2ec62dcbd9fe7d840d3ce1",0.0132574094459414,"No"
"6b54e0d2134307e087fd1c935f044aa2",0.0101022003218532,"No"
"6ceb2f19dc3cff14b56818b7c9058ee0",0.0234076622873545,"No"
"6dadff0c41d7b24501bba233d55bebc5",0.0302472654730082,"No"
"6ee037905fee692858240685220213be",0.0338518023490906,"No"
"717f81079f55e2cd5f9e7585f0cef79e",0.00443107169121504,"No"
"745567abda127eceb684117d9622768a",0.00337175535969436,"No"
"770e935d77b3296db71e65fc65aa258d",0.0209721047431231,"No"
"798f1ad26b892da22923188a9e8e4797",0.0211699549108744,"No"
"799f16b134fc3399262a5bd5c08434b1",0.0672769695520401,"No"
"7a32edbbe6ace018a384b57c2edbc7e0",0.350455969572067,"Yes"
"7b5e74b0b35e65c436794b3673ee03a8",0.14786422252655,"Yes"
"7b74009236e8b58936ab88e293fa7c7d",0.0590352937579155,"No"
"7fcfd5b9e8ade3613c73b0c8270fabb4",0.0100065395236015,"No"
"807140c18ac69fe5e80575caee161c43",0.00291200820356607,"No"
"80cfaf94b170f141e28861a07d09d476",0.00878649391233921,"No"
"81650fef63fd494f8fb784e3f2b35c4f",0.0684396922588348,"No"
"8238b5ba161f0e8d1d88e2cb45fb6c49",0.0352346487343311,"No"
"83da59eb70f526294fc5903113df888f",0.0115405116230249,"No"
"84447f9cb63fd99af29bac9210b20630",0.072269581258297,"No"
"848ee26ce93babd7d9d9d93b2df65b6b",0.654756486415863,"Yes"
"89fe18e88ee14abb6b80d6c2bffe70fe",0.101770594716072,"Yes"
"8a239924445f96f10127646a4856955e",0.00523378467187285,"No"
"8bb9a07142551de94074b33e7aed10b4",0.0134546793997288,"No"
"8be83d73b038d09aead452870daaac86",0.0103423604741693,"No"
"8d6db829e8ec4283d3d84a0f47ef3c8e",0.041199579834938,"No"
"9085842c1a16035b84b13ba7366a831b",0.00434388918802142,"No"
"928b157e4e5cadd4d92b31f0458e8a25",0.0132630690932274,"No"
"92cd67180417eb40d415c800fed452bf",0.0316254682838917,"No"
"93e230b871260afcd9027dfe1742fd01",0.0233803391456604,"No"
"941c2b3054d4aff517aef077da1ed7a0",0.234232664108276,"Yes"
"95a2228013a28207e917ce359ee6a7ef",0.011555502191186,"No"
"97beab50358c19e80a9d7854ec4d2d58",0.0978541225194931,"Yes"
"9a521d66e5b717f7f3fd33bda2026c9d",0.00278991414234042,"No"
"a3f22adaaa3f71c5dbda11ce952938c8",0.00428654672577977,"No"
"a849d9488b9cdf59051a61d3ef094af8",0.0125421853736043,"No"
"aa345f66c3734ec28ca44313506d22f4",0.309335500001907,"Yes"
"aace5950e6b447f75724c6edebe9b719",0.138340160250664,"Yes"
"abeb1d79971bcb963d77fc429fdc130d",0.0361252315342426,"No"
"ae1d3d9df70b5a5b933464df7ba958a2",0.867343485355377,"Yes"
"aed43496c0d53754a9d1c1e42cdc55d6",0.00968350935727358,"No"
"afdd170767f40ce0175d30926b5de7d8",0.0242786165326834,"No"
"b2a735ace0cd594f47ca9b0b2746514a",0.00382820423692465,"No"
"b4d3412295cc2cdfc094904ec09d62d8",0.224088117480278,"Yes"
"b716ad43db052a060b2556ee56f4f599",0.00760510982945561,"No"
"b9fcb0eed6c3143d5102e67740a162f5",0.0593532733619213,"No"
"be6357d225a5c19f09acf6fbc6015653",0.046256348490715,"No"
"c402e82b274b94ea1c549636425759a2",0.0509723424911499,"No"
"c4787528228f697c489493f9dbc30683",0.0105335330590606,"No"
"c806f370485dca6c667bf0c1000c949e",0.0361052118241787,"No"
"c9e12beabccbe760eb991404a1a6d8a8",0.889139950275421,"Yes"
"cdcf80d158f378db78d1d8fadb387ab8",0.0178536456078291,"No"
"cfb0f260bbd8b345ebb474ee8b3a31c3",0.13661453127861,"Yes"
"d02b640435aeeb19734ebd3041caf523",0.569406926631927,"Yes"
"d1ca6a372601fe9c7e69b8524758f7eb",0.0178216341882944,"No"
"d2bedcbfe15ea77c13a13272be47abcc",0.00222239573486149,"No"
"d45193d95b89190f94adf87f9d1708ae",0.0141828963533044,"No"
"daa026f87a34f553164a8b7d87d095e9",0.282288998365402,"Yes"
"db377db012994337e849d93d6fe9e4c8",0.0161710921674967,"No"
"df243b961367b2174f33a26ff9d970db",0.00287933647632599,"No"
"dfbfebca04d0444f52ab783f051fcca9",0.21348349750042,"Yes"
"e0e2dfb741cb21eb041e20ea6520556e",0.447350710630417,"Yes"
"e5de615145f8a831304370c9bb2e4c42",0.104716084897518,"Yes"
"e858f5449697bc5909c5ed72bee136f2",0.0100890919566154,"No"
"ea2607eb559fc1a29cc0985002eb4993",0.144398778676987,"Yes"
"eb4e64f215700197a23a75e72f29beca",0.504769265651703,"Yes"
"ebeaea7e2ddca46b8c609a62d1d6a580",0.0164229776710272,"No"
"ecbee44ff4421f80598cd038ea794911",0.193570494651794,"Yes"
"ed29887940286545ed9f378597b0384b",0.0153789455071092,"No"
"ed369bab3d4dccc70a9bf6fb7da44d9c",0.931520879268646,"Yes"
"ef7a085d2aff92b21d620e7a0ea528b4",0.221256673336029,"Yes"
"f0fa152f4037b954272eee47098ea09c",0.0150456810370088,"No"
"f1aa9be6e2fa120a8ce8e5ef36087e82",0.00295895338058472,"No"
"f2f9a0e15da517768c7965ab94e2a5ab",0.0215106904506683,"No"
"f31db9e7a7c8ce01c0bb89b326001d42",0.121024392545223,"Yes"
"f3c4fc320372b73ee410c2c9d92dee75",0.862750113010406,"Yes"
"f7ee71f90d521575891747c68b7c21eb",0.00449972320348024,"No"
"f944be29c5c1e04626d86a1df02749b0",0.535780966281891,"Yes"
"fa7231abd207f4ad047f08020bb3bcaf",0.0262195635586977,"No"
"fa91b4e6754bdd62e07cf4bbf326e05b",0.0497140921652317,"No"
"fcfd45344b1647471f5ec6194c220c3e",0.278022557497025,"Yes"
"fe3c45af45c15c51b4552c23672cf422",0.0388470254838467,"No"
"fe93224d8d68377945c02f1116cda92a",0.00494470493867993,"No"
"ff4b8b83f5248cb664866cb057c98470",0.0250125844031572,"No"
